REVIEW_ID,EMPLOYEE_ID,REVIEW_DATE,RATING,COMMENTS,REVIEWER_ID,CREATED_AT
1301,101,2024-04-01,1,Innovative thinking,401,2025-06-20 05:42:24.653
1302,101,2024-07-02,2,Good work,801,2025-06-20 05:42:24.653
1303,101,2024-10-03,3,Exceeds expectations,201,2025-06-20 05:42:24.653
1304,101,2024-01-04,4,Consistent performer,201,2025-06-20 05:42:24.653
1305,102,2024-01-05,5,Meets expectations,1001,2025-06-20 05:42:24.653
1306,102,2024-04-06,1,Great teamwork,801,2025-06-20 05:42:24.653
1307,102,2024-07-07,2,Excellent performance,801,2025-06-20 05:42:24.653
1308,102,2024-10-08,3,Great teamwork,101,2025-06-20 05:42:24.653
1309,103,2024-01-09,4,Innovative thinking,501,2025-06-20 05:42:24.653
1310,103,2024-04-10,5,Needs improvement,901,2025-06-20 05:42:24.653
1311,103,2024-07-11,1,Exceeds expectations,601,2025-06-20 05:42:24.653
1312,103,2024-10-12,2,Good work,901,2025-06-20 05:42:24.653
1313,104,2024-10-13,3,Outstanding contribution,1001,2025-06-20 05:42:24.653
1314,104,2024-07-14,4,Great teamwork,1001,2025-06-20 05:42:24.653
1315,104,2024-04-15,5,Good work,401,2025-06-20 05:42:24.653
1316,104,2024-01-16,1,Exceeds expectations,501,2025-06-20 05:42:24.653
1317,105,2024-01-17,2,Great teamwork,101,2025-06-20 05:42:24.653
1318,105,2024-04-18,3,Needs improvement,201,2025-06-20 05:42:24.653
1319,105,2024-07-19,4,Exceeds expectations,301,2025-06-20 05:42:24.653
1320,105,2024-10-20,5,Outstanding contribution,601,2025-06-20 05:42:24.653
1321,201,2024-01-21,1,Excellent performance,101,2025-06-20 05:42:24.653
1322,201,2024-04-22,2,Exceeds expectations,601,2025-06-20 05:42:24.653
1323,201,2024-07-23,3,Meets expectations,201,2025-06-20 05:42:24.653
1324,201,2024-10-24,4,Outstanding contribution,401,2025-06-20 05:42:24.653
1325,202,2024-01-25,5,Exceeds expectations,801,2025-06-20 05:42:24.653
1326,202,2024-04-26,1,Consistent performer,701,2025-06-20 05:42:24.653
1327,202,2024-07-27,2,Exceeds expectations,201,2025-06-20 05:42:24.653
1328,202,2024-10-28,3,Consistent performer,701,2025-06-20 05:42:24.653
1329,203,2024-10-29,4,Outstanding contribution,101,2025-06-20 05:42:24.653
1330,203,2024-07-30,5,Meets expectations,201,2025-06-20 05:42:24.653
1331,203,2024-05-01,1,Outstanding contribution,301,2025-06-20 05:42:24.653
1332,203,2024-02-01,2,Great teamwork,901,2025-06-20 05:42:24.653
1333,204,2024-05-03,3,Exceeds expectations,601,2025-06-20 05:42:24.653
1334,204,2024-08-03,4,Innovative thinking,501,2025-06-20 05:42:24.653
1335,204,2024-11-04,5,Exceeds expectations,1001,2025-06-20 05:42:24.653
1336,204,2024-02-05,1,Strong leadership,201,2025-06-20 05:42:24.653
1337,205,2024-02-06,2,Consistent performer,901,2025-06-20 05:42:24.653
1338,205,2024-05-08,3,Good work,501,2025-06-20 05:42:24.653
1339,205,2024-08-08,4,Needs improvement,701,2025-06-20 05:42:24.653
1340,205,2024-11-09,5,Strong leadership,701,2025-06-20 05:42:24.653
1341,301,2024-02-10,1,Consistent performer,601,2025-06-20 05:42:24.653
1342,301,2024-05-12,2,Great teamwork,1001,2025-06-20 05:42:24.653
1343,301,2024-08-12,3,Meets expectations,501,2025-06-20 05:42:24.653
1344,301,2024-11-13,4,Meets expectations,101,2025-06-20 05:42:24.653
1345,302,2024-08-14,5,Exceeds expectations,201,2025-06-20 05:42:24.653
1346,302,2024-11-15,1,Great teamwork,401,2025-06-20 05:42:24.653
1347,302,2024-05-17,2,Good work,601,2025-06-20 05:42:24.653
1348,302,2024-02-17,3,Outstanding contribution,501,2025-06-20 05:42:24.653
1349,303,2024-02-18,4,Outstanding contribution,601,2025-06-20 05:42:24.653
1350,303,2024-05-20,5,Innovative thinking,801,2025-06-20 05:42:24.653
1351,303,2024-08-20,1,Strong leadership,201,2025-06-20 05:42:24.653
1352,303,2024-11-21,2,Good work,901,2025-06-20 05:42:24.653
1353,304,2024-02-22,3,Needs improvement,601,2025-06-20 05:42:24.653
1354,304,2024-05-24,4,Outstanding contribution,101,2025-06-20 05:42:24.653
1355,304,2024-08-24,5,Meets expectations,901,2025-06-20 05:42:24.653
1356,304,2024-11-25,1,Strong leadership,401,2025-06-20 05:42:24.653
1357,305,2024-02-26,2,Meets expectations,901,2025-06-20 05:42:24.653
1358,305,2024-05-28,3,Exceeds expectations,801,2025-06-20 05:42:24.653
1359,305,2024-08-28,4,Strong leadership,301,2025-06-20 05:42:24.653
1360,305,2024-11-29,5,Outstanding contribution,501,2025-06-20 05:42:24.653
1361,401,2024-11-30,1,Great teamwork,701,2025-06-20 05:42:24.653
1362,401,2024-03-02,2,Exceeds expectations,501,2025-06-20 05:42:24.653
1363,401,2024-06-02,3,Great teamwork,1001,2025-06-20 05:42:24.653
1364,401,2024-09-02,4,Meets expectations,401,2025-06-20 05:42:24.653
1365,402,2024-03-05,5,Exceeds expectations,601,2025-06-20 05:42:24.653
1366,402,2024-06-05,1,Outstanding contribution,201,2025-06-20 05:42:24.653
1367,402,2024-09-05,2,Needs improvement,301,2025-06-20 05:42:24.653
1368,402,2024-12-07,3,Excellent performance,701,2025-06-20 05:42:24.653
1369,403,2024-03-09,4,Strong leadership,901,2025-06-20 05:42:24.653
1370,403,2024-06-09,5,Great teamwork,101,2025-06-20 05:42:24.653
1371,403,2024-09-09,1,Outstanding contribution,401,2025-06-20 05:42:24.653
1372,403,2024-12-11,2,Excellent performance,101,2025-06-20 05:42:24.653
1373,404,2024-03-13,3,Meets expectations,401,2025-06-20 05:42:24.653
1374,404,2024-06-13,4,Excellent performance,701,2025-06-20 05:42:24.653
1375,404,2024-09-13,5,Innovative thinking,601,2025-06-20 05:42:24.653
1376,404,2024-12-15,1,Great teamwork,101,2025-06-20 05:42:24.653
1377,405,2024-03-17,2,Consistent performer,1001,2025-06-20 05:42:24.653
1378,405,2024-12-17,3,Strong leadership,801,2025-06-20 05:42:24.653
1379,405,2024-09-17,4,Strong leadership,201,2025-06-20 05:42:24.653
1380,405,2024-06-19,5,Excellent performance,101,2025-06-20 05:42:24.653
1381,501,2024-03-21,1,Meets expectations,401,2025-06-20 05:42:24.653
1382,501,2024-06-21,2,Great teamwork,401,2025-06-20 05:42:24.653
1383,501,2024-09-21,3,Consistent performer,101,2025-06-20 05:42:24.653
1384,501,2024-12-23,4,Consistent performer,1001,2025-06-20 05:42:24.653
1385,502,2024-03-25,5,Excellent performance,201,2025-06-20 05:42:24.653
1386,502,2024-06-25,1,Good work,801,2025-06-20 05:42:24.653
1387,502,2024-09-25,2,Good work,401,2025-06-20 05:42:24.653
1388,502,2024-12-27,3,Strong leadership,801,2025-06-20 05:42:24.653
1389,503,2024-12-28,4,Needs improvement,701,2025-06-20 05:42:24.653
1390,503,2024-09-28,5,Good work,201,2025-06-20 05:42:24.653
1391,503,2024-01-01,1,Great teamwork,701,2025-06-20 05:42:24.653
1392,503,2024-04-01,2,Excellent performance,1001,2025-06-20 05:42:24.653
1393,504,2024-01-03,3,Exceeds expectations,701,2025-06-20 05:42:24.653
1394,504,2024-04-03,4,Consistent performer,901,2025-06-20 05:42:24.653
1395,504,2024-07-03,5,Consistent performer,901,2025-06-20 05:42:24.653
1396,504,2024-10-04,1,Innovative thinking,801,2025-06-20 05:42:24.653
1397,505,2024-01-07,2,Excellent performance,701,2025-06-20 05:42:24.653
1398,505,2024-04-07,3,Exceeds expectations,601,2025-06-20 05:42:24.653
1399,505,2024-07-07,4,Consistent performer,101,2025-06-20 05:42:24.653
1400,505,2024-10-08,5,Needs improvement,401,2025-06-20 05:42:24.653
1401,601,2024-01-11,1,Innovative thinking,501,2025-06-20 05:42:24.653
1402,601,2024-04-11,2,Consistent performer,1001,2025-06-20 05:42:24.653
1403,601,2024-07-11,3,Exceeds expectations,701,2025-06-20 05:42:24.653
1404,601,2024-10-12,4,Needs improvement,201,2025-06-20 05:42:24.653
1405,701,2024-04-14,5,Innovative thinking,301,2025-06-20 05:42:24.653
1406,701,2024-10-14,1,Excellent performance,101,2025-06-20 05:42:24.653
1407,701,2024-07-15,2,Excellent performance,801,2025-06-20 05:42:24.653
1408,701,2024-01-18,3,Great teamwork,501,2025-06-20 05:42:24.653
1409,801,2024-01-19,4,Strong leadership,901,2025-06-20 05:42:24.653
1410,801,2024-04-19,5,Great teamwork,401,2025-06-20 05:42:24.653
1411,801,2024-07-19,1,Strong leadership,701,2025-06-20 05:42:24.653
1412,801,2024-10-20,2,Consistent performer,101,2025-06-20 05:42:24.653
1413,901,2024-01-23,3,Innovative thinking,901,2025-06-20 05:42:24.653
1414,901,2024-04-23,4,Good work,101,2025-06-20 05:42:24.653
1415,901,2024-07-23,5,Good work,101,2025-06-20 05:42:24.653
1416,901,2024-10-24,1,Needs improvement,901,2025-06-20 05:42:24.653
1417,1001,2024-01-27,2,Excellent performance,1001,2025-06-20 05:42:24.653
1418,1001,2024-04-27,3,Strong leadership,501,2025-06-20 05:42:24.653
1419,1001,2024-07-27,4,Needs improvement,801,2025-06-20 05:42:24.653
1420,1001,2024-10-28,5,Great teamwork,501,2025-06-20 05:42:24.653
