METRIC_ID,CAMPAIGN_ID,METRIC_DATE,IMPRESSIONS,CLICKS,CONVERSIONS,SPEND,CREATED_AT
1,2,2024-01-02,6667,7596,354,7475.00,2025-06-01 07:11:35.078
2,3,2024-01-03,54430,4029,617,7213.00,2025-06-01 07:11:35.078
3,4,2024-01-04,48885,8676,867,8899.00,2025-06-01 07:11:35.078
4,5,2024-01-05,15190,5319,670,7166.00,2025-06-01 07:11:35.078
5,6,2024-01-06,74527,4258,100,9490.00,2025-06-01 07:11:35.078
6,7,2024-01-07,12606,3420,400,3372.00,2025-06-01 07:11:35.078
7,8,2024-01-08,46873,9545,175,4140.00,2025-06-01 07:11:35.078
8,9,2024-01-09,47593,5981,348,3043.00,2025-06-01 07:11:35.078
9,10,2024-01-10,64155,6726,924,6877.00,2025-06-01 07:11:35.078
10,11,2024-01-11,87784,1074,443,1148.00,2025-06-01 07:11:35.078
11,12,2024-01-12,6024,7233,968,4246.00,2025-06-01 07:11:35.078
12,13,2024-01-13,91053,9252,761,7463.00,2025-06-01 07:11:35.078
13,14,2024-01-14,88384,3917,44,8365.00,2025-06-01 07:11:35.078
14,15,2024-01-15,23309,462,88,4105.00,2025-06-01 07:11:35.078
15,16,2024-01-16,84727,7184,134,7275.00,2025-06-01 07:11:35.078
101,17,2024-01-17,73010,7637,11,4783.00,2025-06-01 07:11:35.078
102,18,2024-01-18,76222,4095,983,8237.00,2025-06-01 07:11:35.078
103,19,2024-01-19,83867,254,86,2211.00,2025-06-01 07:11:35.078
104,20,2024-01-20,8636,5098,777,7534.00,2025-06-01 07:11:35.078
105,21,2024-01-21,25867,8765,616,3152.00,2025-06-01 07:11:35.078
106,22,2024-01-22,65419,3969,83,9894.00,2025-06-01 07:11:35.078
107,23,2024-01-23,64750,8024,370,2706.00,2025-06-01 07:11:35.078
108,24,2024-01-24,85179,4860,476,8025.00,2025-06-01 07:11:35.078
109,25,2024-01-25,71275,7613,167,9853.00,2025-06-01 07:11:35.078
110,26,2024-01-26,67022,8365,726,9907.00,2025-06-01 07:11:35.078
111,27,2024-01-27,86532,282,783,4704.00,2025-06-01 07:11:35.078
112,28,2024-01-28,73153,4890,573,8646.00,2025-06-01 07:11:35.078
113,29,2024-01-29,69951,7832,531,4635.00,2025-06-01 07:11:35.078
114,30,2024-01-30,68871,347,819,3173.00,2025-06-01 07:11:35.078
115,31,2024-01-01,94066,1063,319,5288.00,2025-06-01 07:11:35.078
116,32,2024-01-02,58402,5848,477,1765.00,2025-06-01 07:11:35.078
117,33,2024-01-03,80238,9776,170,8704.00,2025-06-01 07:11:35.078
118,34,2024-01-04,98363,5050,197,5407.00,2025-06-01 07:11:35.078
119,35,2024-01-05,51116,6084,781,9086.00,2025-06-01 07:11:35.078
120,36,2024-01-06,87476,3985,741,4222.00,2025-06-01 07:11:35.078
121,37,2024-01-07,57260,3363,183,5704.00,2025-06-01 07:11:35.078
122,38,2024-01-08,61558,7459,411,2750.00,2025-06-01 07:11:35.078
123,39,2024-01-09,80938,3941,861,8616.00,2025-06-01 07:11:35.078
124,40,2024-01-10,38061,5186,424,6033.00,2025-06-01 07:11:35.078
125,41,2024-01-11,15939,8473,911,4481.00,2025-06-01 07:11:35.078
126,42,2024-01-12,46969,9613,857,9573.00,2025-06-01 07:11:35.078
127,43,2024-01-13,43203,4108,553,1371.00,2025-06-01 07:11:35.078
128,44,2024-01-14,89893,7873,49,7324.00,2025-06-01 07:11:35.078
129,45,2024-01-15,56880,2349,81,2659.00,2025-06-01 07:11:35.078
130,46,2024-01-16,1346,4043,482,2278.00,2025-06-01 07:11:35.078
131,47,2024-01-17,94761,1693,336,9791.00,2025-06-01 07:11:35.078
132,48,2024-01-18,10960,3554,53,3067.00,2025-06-01 07:11:35.078
133,49,2024-01-19,82878,8597,489,7628.00,2025-06-01 07:11:35.078
134,50,2024-01-20,58297,778,647,1937.00,2025-06-01 07:11:35.078
135,51,2024-01-21,25927,9853,338,2752.00,2025-06-01 07:11:35.078
136,52,2024-01-22,32056,7429,159,1244.00,2025-06-01 07:11:35.078
137,53,2024-01-23,62899,4016,415,4327.00,2025-06-01 07:11:35.078
138,54,2024-01-24,13537,9572,467,3337.00,2025-06-01 07:11:35.078
139,55,2024-01-25,7175,8144,817,8586.00,2025-06-01 07:11:35.078
140,56,2024-01-26,38964,8676,75,7129.00,2025-06-01 07:11:35.078
141,57,2024-01-27,66722,2802,743,2291.00,2025-06-01 07:11:35.078
142,58,2024-01-28,61642,4856,178,9856.00,2025-06-01 07:11:35.078
143,59,2024-01-29,97846,6066,966,3357.00,2025-06-01 07:11:35.078
144,60,2024-01-30,5013,7517,534,2731.00,2025-06-01 07:11:35.078
145,61,2024-01-01,66163,3752,145,7072.00,2025-06-01 07:11:35.078
146,62,2024-01-02,28777,3376,802,6635.00,2025-06-01 07:11:35.078
147,63,2024-01-03,53279,8447,548,9484.00,2025-06-01 07:11:35.078
148,64,2024-01-04,82447,9147,463,5516.00,2025-06-01 07:11:35.078
149,65,2024-01-05,50148,8952,237,5353.00,2025-06-01 07:11:35.078
150,66,2024-01-06,57177,162,703,6506.00,2025-06-01 07:11:35.078
151,67,2024-01-07,96629,2681,742,3967.00,2025-06-01 07:11:35.078
152,68,2024-01-08,60206,2598,125,4704.00,2025-06-01 07:11:35.078
153,69,2024-01-09,72242,8781,336,3988.00,2025-06-01 07:11:35.078
154,70,2024-01-10,29536,9549,315,6805.00,2025-06-01 07:11:35.078
155,71,2024-01-11,33053,4522,85,2696.00,2025-06-01 07:11:35.078
156,72,2024-01-12,17606,5427,587,7611.00,2025-06-01 07:11:35.078
157,73,2024-01-13,22547,9617,879,3999.00,2025-06-01 07:11:35.078
158,74,2024-01-14,75612,3218,907,3652.00,2025-06-01 07:11:35.078
159,75,2024-01-15,94227,3084,609,3017.00,2025-06-01 07:11:35.078
160,76,2024-01-16,85952,578,192,5769.00,2025-06-01 07:11:35.078
161,77,2024-01-17,56589,9840,365,2019.00,2025-06-01 07:11:35.078
162,78,2024-01-18,16379,538,854,8311.00,2025-06-01 07:11:35.078
163,79,2024-01-19,52196,3075,935,5069.00,2025-06-01 07:11:35.078
164,80,2024-01-20,10450,9744,231,1427.00,2025-06-01 07:11:35.078
165,81,2024-01-21,12149,3992,455,4831.00,2025-06-01 07:11:35.078
166,82,2024-01-22,40303,718,95,2574.00,2025-06-01 07:11:35.078
167,83,2024-01-23,43778,2741,900,5925.00,2025-06-01 07:11:35.078
168,84,2024-01-24,5670,8100,393,6418.00,2025-06-01 07:11:35.078
169,85,2024-01-25,25459,5834,803,3925.00,2025-06-01 07:11:35.078
170,86,2024-01-26,1918,5858,753,5732.00,2025-06-01 07:11:35.078
171,87,2024-01-27,31198,666,45,4300.00,2025-06-01 07:11:35.078
172,88,2024-01-28,50658,5681,38,9939.00,2025-06-01 07:11:35.078
173,89,2024-01-29,43415,7977,397,9155.00,2025-06-01 07:11:35.078
174,90,2024-01-30,74095,4903,559,4948.00,2025-06-01 07:11:35.078
175,91,2024-01-01,44266,8701,103,5124.00,2025-06-01 07:11:35.078
176,92,2024-01-02,26764,7960,903,4375.00,2025-06-01 07:11:35.078
177,93,2024-01-03,86704,9220,363,8586.00,2025-06-01 07:11:35.078
178,94,2024-01-04,66957,3693,617,4188.00,2025-06-01 07:11:35.078
179,95,2024-01-05,87304,9657,194,2750.00,2025-06-01 07:11:35.078
180,96,2024-01-06,93242,9433,925,2989.00,2025-06-01 07:11:35.078
181,97,2024-01-07,3584,6176,26,7839.00,2025-06-01 07:11:35.078
182,98,2024-01-08,13011,3255,123,4950.00,2025-06-01 07:11:35.078
183,99,2024-01-09,52065,9885,498,5951.00,2025-06-01 07:11:35.078
184,100,2024-01-10,94780,2121,355,9743.00,2025-06-01 07:11:35.078
185,101,2024-01-11,17310,6077,68,8369.00,2025-06-01 07:11:35.078
186,102,2024-01-12,69341,120,586,3849.00,2025-06-01 07:11:35.078
187,103,2024-01-13,47424,3736,773,8315.00,2025-06-01 07:11:35.078
188,104,2024-01-14,15710,5182,872,6756.00,2025-06-01 07:11:35.078
189,105,2024-01-15,24356,5049,727,2929.00,2025-06-01 07:11:35.078
190,106,2024-01-16,87434,9585,354,2081.00,2025-06-01 07:11:35.078
191,107,2024-01-17,36545,7055,717,3015.00,2025-06-01 07:11:35.078
192,108,2024-01-18,78206,935,561,2347.00,2025-06-01 07:11:35.078
193,109,2024-01-19,22427,570,36,7587.00,2025-06-01 07:11:35.078
194,110,2024-01-20,83309,6655,843,4247.00,2025-06-01 07:11:35.078
195,111,2024-01-21,14577,6018,617,6767.00,2025-06-01 07:11:35.078
196,112,2024-01-22,72665,2170,780,8235.00,2025-06-01 07:11:35.078
197,113,2024-01-23,74208,7436,968,8053.00,2025-06-01 07:11:35.078
198,114,2024-01-24,86865,4253,205,6915.00,2025-06-01 07:11:35.078
199,115,2024-01-25,40974,2030,824,4273.00,2025-06-01 07:11:35.078
200,116,2024-01-26,57527,1642,512,8497.00,2025-06-01 07:11:35.078
201,117,2024-01-27,91961,768,944,9874.00,2025-06-01 07:11:35.078
202,118,2024-01-28,60361,273,70,7665.00,2025-06-01 07:11:35.078
203,119,2024-01-29,36233,533,435,1607.00,2025-06-01 07:11:35.078
204,120,2024-01-30,88581,1857,820,2717.00,2025-06-01 07:11:35.078
205,121,2024-01-01,28209,1622,292,4108.00,2025-06-01 07:11:35.078
206,122,2024-01-02,94740,8849,816,7918.00,2025-06-01 07:11:35.078
207,123,2024-01-03,6124,9151,124,9815.00,2025-06-01 07:11:35.078
208,124,2024-01-04,54674,8860,116,4503.00,2025-06-01 07:11:35.078
209,125,2024-01-05,98324,2688,167,3380.00,2025-06-01 07:11:35.078
210,126,2024-01-06,86464,4586,569,1125.00,2025-06-01 07:11:35.078
211,127,2024-01-07,75977,8134,28,8390.00,2025-06-01 07:11:35.078
212,128,2024-01-08,12764,4762,365,3139.00,2025-06-01 07:11:35.078
213,129,2024-01-09,98735,8517,950,2372.00,2025-06-01 07:11:35.078
214,130,2024-01-10,82347,1940,294,7328.00,2025-06-01 07:11:35.078
215,131,2024-01-11,80038,4608,184,1029.00,2025-06-01 07:11:35.078
216,132,2024-01-12,73661,5010,687,7907.00,2025-06-01 07:11:35.078
217,133,2024-01-13,73153,7661,964,3010.00,2025-06-01 07:11:35.078
218,134,2024-01-14,98683,4784,265,2848.00,2025-06-01 07:11:35.078
219,135,2024-01-15,53286,5434,269,1094.00,2025-06-01 07:11:35.078
220,136,2024-01-16,21407,1856,106,8306.00,2025-06-01 07:11:35.078
221,137,2024-01-17,60931,6333,486,9428.00,2025-06-01 07:11:35.078
222,138,2024-01-18,2369,1687,185,6395.00,2025-06-01 07:11:35.078
223,139,2024-01-19,27101,8999,600,6788.00,2025-06-01 07:11:35.078
224,140,2024-01-20,28560,5848,242,1617.00,2025-06-01 07:11:35.078
225,141,2024-01-21,99553,3490,152,2286.00,2025-06-01 07:11:35.078
226,142,2024-01-22,27498,3392,51,5569.00,2025-06-01 07:11:35.078
227,143,2024-01-23,62184,5356,523,3857.00,2025-06-01 07:11:35.078
228,144,2024-01-24,60675,1784,641,8036.00,2025-06-01 07:11:35.078
229,145,2024-01-25,46611,3993,948,8547.00,2025-06-01 07:11:35.078
230,146,2024-01-26,35183,9890,188,8599.00,2025-06-01 07:11:35.078
231,147,2024-01-27,92015,5199,265,1695.00,2025-06-01 07:11:35.078
232,148,2024-01-28,94949,3119,83,8716.00,2025-06-01 07:11:35.078
233,149,2024-01-29,4933,8975,980,4325.00,2025-06-01 07:11:35.078
234,150,2024-01-30,67398,802,473,1103.00,2025-06-01 07:11:35.078
235,151,2024-01-01,80517,5051,738,1267.00,2025-06-01 07:11:35.078
236,152,2024-01-02,51939,6290,446,1040.00,2025-06-01 07:11:35.078
237,153,2024-01-03,7679,945,424,5553.00,2025-06-01 07:11:35.078
238,154,2024-01-04,90939,8441,840,3307.00,2025-06-01 07:11:35.078
239,155,2024-01-05,57660,1908,65,6884.00,2025-06-01 07:11:35.078
240,156,2024-01-06,20482,8458,972,3229.00,2025-06-01 07:11:35.078
241,157,2024-01-07,36248,8920,783,8890.00,2025-06-01 07:11:35.078
242,158,2024-01-08,78987,9136,402,5842.00,2025-06-01 07:11:35.078
243,159,2024-01-09,9298,5138,331,7226.00,2025-06-01 07:11:35.078
244,160,2024-01-10,71554,5721,81,4764.00,2025-06-01 07:11:35.078
245,161,2024-01-11,37952,6062,480,2557.00,2025-06-01 07:11:35.078
246,162,2024-01-12,5567,9456,906,2750.00,2025-06-01 07:11:35.078
247,163,2024-01-13,40251,3602,909,9860.00,2025-06-01 07:11:35.078
248,164,2024-01-14,35162,2498,997,8693.00,2025-06-01 07:11:35.078
249,165,2024-01-15,52808,4783,606,7706.00,2025-06-01 07:11:35.078
250,166,2024-01-16,74265,7314,973,5737.00,2025-06-01 07:11:35.078
251,167,2024-01-17,95373,5056,935,3092.00,2025-06-01 07:11:35.078
252,168,2024-01-18,43454,7941,967,9906.00,2025-06-01 07:11:35.078
253,169,2024-01-19,27927,7279,332,5635.00,2025-06-01 07:11:35.078
254,170,2024-01-20,93534,9307,309,5403.00,2025-06-01 07:11:35.078
255,171,2024-01-21,61407,7628,374,1326.00,2025-06-01 07:11:35.078
256,172,2024-01-22,65610,3449,927,8460.00,2025-06-01 07:11:35.078
257,173,2024-01-23,85434,3307,437,4602.00,2025-06-01 07:11:35.078
258,174,2024-01-24,60717,3888,297,4645.00,2025-06-01 07:11:35.078
259,175,2024-01-25,46009,5706,164,5210.00,2025-06-01 07:11:35.078
260,176,2024-01-26,37001,1861,236,8954.00,2025-06-01 07:11:35.078
261,177,2024-01-27,71158,5313,458,7826.00,2025-06-01 07:11:35.078
262,178,2024-01-28,28475,2774,384,4030.00,2025-06-01 07:11:35.078
263,179,2024-01-29,24697,2465,655,8751.00,2025-06-01 07:11:35.078
264,180,2024-01-30,35231,8901,644,2692.00,2025-06-01 07:11:35.078
265,181,2024-01-01,37148,710,488,6107.00,2025-06-01 07:11:35.078
266,182,2024-01-02,20762,1201,839,8644.00,2025-06-01 07:11:35.078
267,183,2024-01-03,10702,7162,178,1217.00,2025-06-01 07:11:35.078
268,184,2024-01-04,8000,1361,947,6249.00,2025-06-01 07:11:35.078
269,185,2024-01-05,39754,2703,445,6364.00,2025-06-01 07:11:35.078
270,186,2024-01-06,4893,9801,148,2213.00,2025-06-01 07:11:35.078
271,187,2024-01-07,55926,4093,549,6778.00,2025-06-01 07:11:35.078
272,188,2024-01-08,30970,8418,376,8850.00,2025-06-01 07:11:35.078
273,189,2024-01-09,80320,8175,389,6176.00,2025-06-01 07:11:35.078
274,190,2024-01-10,52243,2131,539,7007.00,2025-06-01 07:11:35.078
275,191,2024-01-11,53133,3566,44,1732.00,2025-06-01 07:11:35.078
276,192,2024-01-12,53563,4171,834,1139.00,2025-06-01 07:11:35.078
277,193,2024-01-13,56723,6374,933,7676.00,2025-06-01 07:11:35.078
278,194,2024-01-14,24945,7825,533,4125.00,2025-06-01 07:11:35.078
279,195,2024-01-15,39369,5192,793,1280.00,2025-06-01 07:11:35.078
280,196,2024-01-16,25604,9615,134,4697.00,2025-06-01 07:11:35.078
281,197,2024-01-17,91051,5312,698,5643.00,2025-06-01 07:11:35.078
282,198,2024-01-18,53863,6196,577,9789.00,2025-06-01 07:11:35.078
283,199,2024-01-19,42594,3280,337,3793.00,2025-06-01 07:11:35.078
284,200,2024-01-20,77670,5818,36,5250.00,2025-06-01 07:11:35.078
285,201,2024-01-21,39476,8919,592,8580.00,2025-06-01 07:11:35.078
286,202,2024-01-22,76328,116,678,9844.00,2025-06-01 07:11:35.078
287,203,2024-01-23,86923,706,802,5025.00,2025-06-01 07:11:35.078
288,204,2024-01-24,79524,8762,658,8266.00,2025-06-01 07:11:35.078
289,205,2024-01-25,44648,2102,491,8082.00,2025-06-01 07:11:35.078
290,206,2024-01-26,22367,1088,21,4825.00,2025-06-01 07:11:35.078
291,207,2024-01-27,43052,530,783,1020.00,2025-06-01 07:11:35.078
292,208,2024-01-28,73468,8118,939,4570.00,2025-06-01 07:11:35.078
293,209,2024-01-29,27785,9177,891,1316.00,2025-06-01 07:11:35.078
294,210,2024-01-30,53318,6066,199,2139.00,2025-06-01 07:11:35.078
295,211,2024-01-01,93429,1776,362,2403.00,2025-06-01 07:11:35.078
296,212,2024-01-02,88725,9613,510,8429.00,2025-06-01 07:11:35.078
297,213,2024-01-03,90521,7716,156,9621.00,2025-06-01 07:11:35.078
298,214,2024-01-04,61760,2977,182,8218.00,2025-06-01 07:11:35.078
299,215,2024-01-05,68430,6177,86,2731.00,2025-06-01 07:11:35.078
300,216,2024-01-06,64685,2872,517,1737.00,2025-06-01 07:11:35.078
301,217,2024-01-07,91965,1853,966,4470.00,2025-06-01 07:11:35.078
302,218,2024-01-08,96289,7027,995,5895.00,2025-06-01 07:11:35.078
303,219,2024-01-09,1024,7459,337,2798.00,2025-06-01 07:11:35.078
304,220,2024-01-10,44894,2362,887,7191.00,2025-06-01 07:11:35.078
305,221,2024-01-11,87905,8822,498,9266.00,2025-06-01 07:11:35.078
306,222,2024-01-12,32512,7537,128,9161.00,2025-06-01 07:11:35.078
307,223,2024-01-13,19492,5054,927,2101.00,2025-06-01 07:11:35.078
308,224,2024-01-14,40251,720,562,3074.00,2025-06-01 07:11:35.078
309,225,2024-01-15,72150,1760,555,5902.00,2025-06-01 07:11:35.078
310,226,2024-01-16,29875,6054,581,9837.00,2025-06-01 07:11:35.078
311,227,2024-01-17,89546,5561,356,4409.00,2025-06-01 07:11:35.078
312,228,2024-01-18,65829,5125,877,5234.00,2025-06-01 07:11:35.078
313,229,2024-01-19,45091,9770,448,6895.00,2025-06-01 07:11:35.078
314,230,2024-01-20,58041,5455,253,1064.00,2025-06-01 07:11:35.078
315,231,2024-01-21,34478,6832,955,8412.00,2025-06-01 07:11:35.078
316,232,2024-01-22,19556,3756,975,6614.00,2025-06-01 07:11:35.078
317,233,2024-01-23,36996,6212,827,4084.00,2025-06-01 07:11:35.078
318,234,2024-01-24,80687,4651,972,4181.00,2025-06-01 07:11:35.078
319,235,2024-01-25,47601,8703,376,4307.00,2025-06-01 07:11:35.078
320,236,2024-01-26,65701,6136,956,2426.00,2025-06-01 07:11:35.078
321,237,2024-01-27,76374,3103,830,7245.00,2025-06-01 07:11:35.078
322,238,2024-01-28,30615,6405,461,2936.00,2025-06-01 07:11:35.078
323,239,2024-01-29,90925,2073,809,2622.00,2025-06-01 07:11:35.078
324,240,2024-01-30,99782,5179,338,1842.00,2025-06-01 07:11:35.078
325,241,2024-01-01,16785,3443,798,5137.00,2025-06-01 07:11:35.078
326,242,2024-01-02,63816,9878,895,8481.00,2025-06-01 07:11:35.078
327,243,2024-01-03,59741,9286,871,9256.00,2025-06-01 07:11:35.078
328,244,2024-01-04,33127,7803,162,5253.00,2025-06-01 07:11:35.078
329,245,2024-01-05,95856,7054,238,7040.00,2025-06-01 07:11:35.078
330,246,2024-01-06,42798,9646,971,1973.00,2025-06-01 07:11:35.078
331,247,2024-01-07,71139,8683,337,7168.00,2025-06-01 07:11:35.078
332,248,2024-01-08,30967,2610,65,4112.00,2025-06-01 07:11:35.078
333,249,2024-01-09,53939,1689,588,4187.00,2025-06-01 07:11:35.078
334,250,2024-01-10,95528,4662,767,5818.00,2025-06-01 07:11:35.078
335,251,2024-01-11,48445,8268,948,1624.00,2025-06-01 07:11:35.078
336,252,2024-01-12,7274,2259,49,9700.00,2025-06-01 07:11:35.078
337,253,2024-01-13,52230,1304,662,5122.00,2025-06-01 07:11:35.078
338,254,2024-01-14,56125,5680,140,4622.00,2025-06-01 07:11:35.078
339,255,2024-01-15,71119,2628,446,4304.00,2025-06-01 07:11:35.078
340,256,2024-01-16,67302,109,655,7238.00,2025-06-01 07:11:35.078
341,257,2024-01-17,96312,8868,791,9384.00,2025-06-01 07:11:35.078
342,258,2024-01-18,35421,3153,44,9567.00,2025-06-01 07:11:35.078
343,259,2024-01-19,44405,6659,539,9574.00,2025-06-01 07:11:35.078
344,260,2024-01-20,26527,4050,352,1046.00,2025-06-01 07:11:35.078
345,261,2024-01-21,96644,5492,804,1687.00,2025-06-01 07:11:35.078
346,262,2024-01-22,47629,7181,461,9955.00,2025-06-01 07:11:35.078
347,263,2024-01-23,52637,3745,194,4384.00,2025-06-01 07:11:35.078
348,264,2024-01-24,64824,4970,886,1304.00,2025-06-01 07:11:35.078
349,265,2024-01-25,63403,2957,662,9622.00,2025-06-01 07:11:35.078
350,266,2024-01-26,37015,8224,22,8067.00,2025-06-01 07:11:35.078
351,267,2024-01-27,61023,3542,903,5072.00,2025-06-01 07:11:35.078
352,268,2024-01-28,51548,6644,397,4903.00,2025-06-01 07:11:35.078
353,269,2024-01-29,62074,353,166,9329.00,2025-06-01 07:11:35.078
354,270,2024-01-30,23429,5258,380,6109.00,2025-06-01 07:11:35.078
355,271,2024-01-01,23408,8290,216,2173.00,2025-06-01 07:11:35.078
356,272,2024-01-02,82826,2061,893,3167.00,2025-06-01 07:11:35.078
357,273,2024-01-03,3350,1353,201,2531.00,2025-06-01 07:11:35.078
358,274,2024-01-04,24346,1268,582,4157.00,2025-06-01 07:11:35.078
359,275,2024-01-05,75218,2071,654,9575.00,2025-06-01 07:11:35.078
360,276,2024-01-06,68910,5910,503,6905.00,2025-06-01 07:11:35.078
361,277,2024-01-07,45354,3013,123,5954.00,2025-06-01 07:11:35.078
362,278,2024-01-08,55335,6049,331,4571.00,2025-06-01 07:11:35.078
363,279,2024-01-09,80641,9975,46,5126.00,2025-06-01 07:11:35.078
364,280,2024-01-10,22904,1358,800,2860.00,2025-06-01 07:11:35.078
365,281,2024-01-11,75014,1154,291,7102.00,2025-06-01 07:11:35.078
366,282,2024-01-12,52152,8133,805,3856.00,2025-06-01 07:11:35.078
367,283,2024-01-13,55951,6351,451,7394.00,2025-06-01 07:11:35.078
368,284,2024-01-14,64179,1769,48,5706.00,2025-06-01 07:11:35.078
369,285,2024-01-15,11409,2770,823,3593.00,2025-06-01 07:11:35.078
370,286,2024-01-16,31728,7781,743,8740.00,2025-06-01 07:11:35.078
371,287,2024-01-17,7411,2685,294,1464.00,2025-06-01 07:11:35.078
372,288,2024-01-18,79729,6792,954,4685.00,2025-06-01 07:11:35.078
373,289,2024-01-19,43574,8220,714,5140.00,2025-06-01 07:11:35.078
374,290,2024-01-20,23332,819,504,8877.00,2025-06-01 07:11:35.078
375,291,2024-01-21,38511,9542,858,5085.00,2025-06-01 07:11:35.078
376,292,2024-01-22,96619,5806,758,9168.00,2025-06-01 07:11:35.078
377,293,2024-01-23,46042,6996,29,8878.00,2025-06-01 07:11:35.078
378,294,2024-01-24,23442,4516,230,5102.00,2025-06-01 07:11:35.078
379,295,2024-01-25,78811,1083,985,9964.00,2025-06-01 07:11:35.078
380,296,2024-01-26,68464,5009,66,5135.00,2025-06-01 07:11:35.078
381,297,2024-01-27,90654,8226,617,9253.00,2025-06-01 07:11:35.078
382,298,2024-01-28,68993,8756,468,8151.00,2025-06-01 07:11:35.078
383,299,2024-01-29,69492,7947,134,8907.00,2025-06-01 07:11:35.078
384,300,2024-01-30,4056,3471,319,1748.00,2025-06-01 07:11:35.078
385,301,2024-01-01,53977,2269,468,9774.00,2025-06-01 07:11:35.078
386,302,2024-01-02,58920,3268,691,3187.00,2025-06-01 07:11:35.078
387,303,2024-01-03,84207,9997,98,8137.00,2025-06-01 07:11:35.078
388,304,2024-01-04,90841,8265,138,7964.00,2025-06-01 07:11:35.078
389,305,2024-01-05,84420,883,206,4002.00,2025-06-01 07:11:35.078
390,306,2024-01-06,6556,3838,261,1535.00,2025-06-01 07:11:35.078
391,307,2024-01-07,86481,9967,301,1066.00,2025-06-01 07:11:35.078
392,308,2024-01-08,87872,575,440,1333.00,2025-06-01 07:11:35.078
393,309,2024-01-09,87363,1438,488,7273.00,2025-06-01 07:11:35.078
394,310,2024-01-10,59391,1531,867,4833.00,2025-06-01 07:11:35.078
395,311,2024-01-11,32447,2680,30,3693.00,2025-06-01 07:11:35.078
396,312,2024-01-12,56799,4358,491,6561.00,2025-06-01 07:11:35.078
397,313,2024-01-13,5139,2435,887,4919.00,2025-06-01 07:11:35.078
398,314,2024-01-14,17881,7757,513,3439.00,2025-06-01 07:11:35.078
399,315,2024-01-15,99549,9517,398,3340.00,2025-06-01 07:11:35.078
400,316,2024-01-16,69565,7036,760,4318.00,2025-06-01 07:11:35.078
401,317,2024-01-17,68435,2354,875,4680.00,2025-06-01 07:11:35.078
402,318,2024-01-18,99589,9364,817,6074.00,2025-06-01 07:11:35.078
403,319,2024-01-19,36550,8110,137,8993.00,2025-06-01 07:11:35.078
404,320,2024-01-20,59388,8035,831,5185.00,2025-06-01 07:11:35.078
405,321,2024-01-21,92236,5860,699,2000.00,2025-06-01 07:11:35.078
406,322,2024-01-22,13707,7073,546,7207.00,2025-06-01 07:11:35.078
407,323,2024-01-23,66079,7943,897,1326.00,2025-06-01 07:11:35.078
408,324,2024-01-24,89126,2121,128,2150.00,2025-06-01 07:11:35.078
409,325,2024-01-25,35288,421,238,6910.00,2025-06-01 07:11:35.078
410,326,2024-01-26,81601,1610,473,9854.00,2025-06-01 07:11:35.078
411,327,2024-01-27,89422,2209,993,4328.00,2025-06-01 07:11:35.078
412,328,2024-01-28,88952,1823,552,4364.00,2025-06-01 07:11:35.078
413,329,2024-01-29,91811,2914,703,4507.00,2025-06-01 07:11:35.078
414,330,2024-01-30,20948,424,177,1401.00,2025-06-01 07:11:35.078
415,331,2024-01-01,19143,5071,655,2729.00,2025-06-01 07:11:35.078
416,332,2024-01-02,46247,104,145,2089.00,2025-06-01 07:11:35.078
417,333,2024-01-03,19359,9830,193,2497.00,2025-06-01 07:11:35.078
418,334,2024-01-04,49702,7418,852,7566.00,2025-06-01 07:11:35.078
419,335,2024-01-05,75558,6771,101,6334.00,2025-06-01 07:11:35.078
420,336,2024-01-06,98715,1580,680,2882.00,2025-06-01 07:11:35.078
421,337,2024-01-07,90599,2521,439,1374.00,2025-06-01 07:11:35.078
422,338,2024-01-08,94500,2516,89,6410.00,2025-06-01 07:11:35.078
423,339,2024-01-09,91668,2361,898,4262.00,2025-06-01 07:11:35.078
424,340,2024-01-10,93598,534,86,6023.00,2025-06-01 07:11:35.078
425,341,2024-01-11,90479,4428,916,7111.00,2025-06-01 07:11:35.078
426,342,2024-01-12,71722,7665,113,4685.00,2025-06-01 07:11:35.078
427,343,2024-01-13,96013,5894,226,5262.00,2025-06-01 07:11:35.078
428,344,2024-01-14,95699,3207,316,4449.00,2025-06-01 07:11:35.078
429,345,2024-01-15,12660,9445,119,3666.00,2025-06-01 07:11:35.078
430,346,2024-01-16,30754,3986,86,7805.00,2025-06-01 07:11:35.078
431,347,2024-01-17,85494,115,286,4785.00,2025-06-01 07:11:35.078
432,348,2024-01-18,34598,3500,21,3626.00,2025-06-01 07:11:35.078
433,349,2024-01-19,55515,8792,681,1456.00,2025-06-01 07:11:35.078
434,350,2024-01-20,16125,8259,854,3071.00,2025-06-01 07:11:35.078
435,351,2024-01-21,54086,6765,514,6741.00,2025-06-01 07:11:35.078
436,352,2024-01-22,48549,8436,148,8313.00,2025-06-01 07:11:35.078
437,353,2024-01-23,20928,9764,153,2606.00,2025-06-01 07:11:35.078
438,354,2024-01-24,79591,9247,572,7440.00,2025-06-01 07:11:35.078
439,355,2024-01-25,44276,4742,622,9628.00,2025-06-01 07:11:35.078
440,356,2024-01-26,22186,2563,707,5307.00,2025-06-01 07:11:35.078
441,357,2024-01-27,38246,8863,293,1623.00,2025-06-01 07:11:35.078
442,358,2024-01-28,40787,2637,304,4482.00,2025-06-01 07:11:35.078
443,359,2024-01-29,45685,1997,894,7810.00,2025-06-01 07:11:35.078
444,360,2024-01-30,18725,6525,166,1508.00,2025-06-01 07:11:35.078
445,361,2024-01-01,51800,4144,542,2753.00,2025-06-01 07:11:35.078
446,362,2024-01-02,80833,2487,85,9385.00,2025-06-01 07:11:35.078
447,363,2024-01-03,97541,7192,419,6009.00,2025-06-01 07:11:35.078
448,364,2024-01-04,89134,9854,214,5654.00,2025-06-01 07:11:35.078
449,365,2024-01-05,35137,6607,573,6140.00,2025-06-01 07:11:35.078
450,366,2024-01-06,29732,7815,371,5573.00,2025-06-01 07:11:35.078
451,367,2024-01-07,10850,1178,170,1756.00,2025-06-01 07:11:35.078
452,368,2024-01-08,54810,3115,385,5288.00,2025-06-01 07:11:35.078
453,369,2024-01-09,51595,6295,110,3935.00,2025-06-01 07:11:35.078
454,370,2024-01-10,4627,9483,440,5588.00,2025-06-01 07:11:35.078
455,371,2024-01-11,63699,4876,394,3800.00,2025-06-01 07:11:35.078
456,372,2024-01-12,14308,2098,535,3557.00,2025-06-01 07:11:35.078
457,373,2024-01-13,28224,5467,348,5318.00,2025-06-01 07:11:35.078
458,374,2024-01-14,60906,4656,904,1467.00,2025-06-01 07:11:35.078
459,375,2024-01-15,22391,5175,622,9413.00,2025-06-01 07:11:35.078
460,376,2024-01-16,63823,8894,460,9165.00,2025-06-01 07:11:35.078
461,377,2024-01-17,12287,8893,791,1505.00,2025-06-01 07:11:35.078
462,378,2024-01-18,34780,8615,486,5791.00,2025-06-01 07:11:35.078
463,379,2024-01-19,62219,2028,770,8006.00,2025-06-01 07:11:35.078
464,380,2024-01-20,67296,1383,175,1573.00,2025-06-01 07:11:35.078
465,381,2024-01-21,86314,3662,372,3745.00,2025-06-01 07:11:35.078
466,382,2024-01-22,81241,2660,140,9620.00,2025-06-01 07:11:35.078
467,383,2024-01-23,47236,1129,672,1530.00,2025-06-01 07:11:35.078
468,384,2024-01-24,94096,5803,576,1325.00,2025-06-01 07:11:35.078
469,385,2024-01-25,99612,6338,60,3876.00,2025-06-01 07:11:35.078
470,386,2024-01-26,42799,6857,940,7717.00,2025-06-01 07:11:35.078
471,387,2024-01-27,22574,2862,924,6051.00,2025-06-01 07:11:35.078
472,388,2024-01-28,7802,3731,968,7029.00,2025-06-01 07:11:35.078
473,389,2024-01-29,87592,7939,289,7252.00,2025-06-01 07:11:35.078
474,390,2024-01-30,49836,3861,850,3939.00,2025-06-01 07:11:35.078
475,391,2024-01-01,1692,2471,750,7919.00,2025-06-01 07:11:35.078
476,392,2024-01-02,39505,842,629,4628.00,2025-06-01 07:11:35.078
477,393,2024-01-03,34858,8797,208,8350.00,2025-06-01 07:11:35.078
478,394,2024-01-04,10625,1362,509,3990.00,2025-06-01 07:11:35.078
479,395,2024-01-05,68399,7016,107,1610.00,2025-06-01 07:11:35.078
480,396,2024-01-06,75719,5361,190,9476.00,2025-06-01 07:11:35.078
481,397,2024-01-07,21529,4677,54,1785.00,2025-06-01 07:11:35.078
482,398,2024-01-08,53309,7192,77,1814.00,2025-06-01 07:11:35.078
483,399,2024-01-09,62018,415,950,5185.00,2025-06-01 07:11:35.078
484,400,2024-01-10,2547,7765,919,3753.00,2025-06-01 07:11:35.078
485,401,2024-01-11,51726,7812,694,7420.00,2025-06-01 07:11:35.078
486,402,2024-01-12,60192,2802,894,1791.00,2025-06-01 07:11:35.078
487,403,2024-01-13,15367,8073,298,6804.00,2025-06-01 07:11:35.078
488,404,2024-01-14,20690,611,104,4470.00,2025-06-01 07:11:35.078
489,405,2024-01-15,27539,7193,882,7537.00,2025-06-01 07:11:35.078
490,406,2024-01-16,32570,2104,440,4499.00,2025-06-01 07:11:35.078
491,407,2024-01-17,46715,3812,741,2426.00,2025-06-01 07:11:35.078
492,408,2024-01-18,23680,4163,411,7809.00,2025-06-01 07:11:35.078
493,409,2024-01-19,7911,687,819,2313.00,2025-06-01 07:11:35.078
494,410,2024-01-20,3429,6546,971,5673.00,2025-06-01 07:11:35.078
495,411,2024-01-21,36967,8624,213,7047.00,2025-06-01 07:11:35.078
496,412,2024-01-22,96591,1882,926,4151.00,2025-06-01 07:11:35.078
497,413,2024-01-23,70197,3134,867,3623.00,2025-06-01 07:11:35.078
498,414,2024-01-24,81837,8649,123,5642.00,2025-06-01 07:11:35.078
499,415,2024-01-25,73939,8200,79,3120.00,2025-06-01 07:11:35.078
500,416,2024-01-26,62842,9086,695,3096.00,2025-06-01 07:11:35.078
501,417,2024-01-27,46946,7909,386,9345.00,2025-06-01 07:11:35.078
502,418,2024-01-28,25039,8952,975,4129.00,2025-06-01 07:11:35.078
503,419,2024-01-29,42066,8308,749,8012.00,2025-06-01 07:11:35.078
504,420,2024-01-30,16921,9483,953,8191.00,2025-06-01 07:11:35.078
505,421,2024-01-01,90971,1357,351,5044.00,2025-06-01 07:11:35.078
506,422,2024-01-02,62582,1737,863,2187.00,2025-06-01 07:11:35.078
507,423,2024-01-03,76072,1015,997,8370.00,2025-06-01 07:11:35.078
508,424,2024-01-04,33613,1384,163,6913.00,2025-06-01 07:11:35.078
509,425,2024-01-05,68295,7531,916,8985.00,2025-06-01 07:11:35.078
510,426,2024-01-06,3620,9935,411,5734.00,2025-06-01 07:11:35.078
511,427,2024-01-07,37663,2774,788,3796.00,2025-06-01 07:11:35.078
512,428,2024-01-08,57701,5157,690,5253.00,2025-06-01 07:11:35.078
513,429,2024-01-09,95306,5428,750,3788.00,2025-06-01 07:11:35.078
514,430,2024-01-10,67374,3211,858,4443.00,2025-06-01 07:11:35.078
515,431,2024-01-11,20892,6370,747,8756.00,2025-06-01 07:11:35.078
516,432,2024-01-12,72161,7198,438,9754.00,2025-06-01 07:11:35.078
517,433,2024-01-13,51689,6436,490,1544.00,2025-06-01 07:11:35.078
518,434,2024-01-14,68409,1894,148,7050.00,2025-06-01 07:11:35.078
519,435,2024-01-15,65484,6203,820,8106.00,2025-06-01 07:11:35.078
520,436,2024-01-16,89807,335,959,6751.00,2025-06-01 07:11:35.078
521,437,2024-01-17,10618,8699,823,6070.00,2025-06-01 07:11:35.078
522,438,2024-01-18,77479,369,770,7096.00,2025-06-01 07:11:35.078
523,439,2024-01-19,67785,9821,329,7448.00,2025-06-01 07:11:35.078
524,440,2024-01-20,94721,1090,475,6902.00,2025-06-01 07:11:35.078
525,441,2024-01-21,75586,6768,281,6250.00,2025-06-01 07:11:35.078
526,442,2024-01-22,71434,1057,689,7645.00,2025-06-01 07:11:35.078
527,443,2024-01-23,55783,7777,125,9321.00,2025-06-01 07:11:35.078
528,444,2024-01-24,68975,4349,570,4792.00,2025-06-01 07:11:35.078
529,445,2024-01-25,23193,5034,286,6229.00,2025-06-01 07:11:35.078
530,446,2024-01-26,28923,2562,583,9582.00,2025-06-01 07:11:35.078
531,447,2024-01-27,24698,5956,57,8129.00,2025-06-01 07:11:35.078
532,448,2024-01-28,76595,8856,399,2716.00,2025-06-01 07:11:35.078
533,449,2024-01-29,52521,2599,683,2025.00,2025-06-01 07:11:35.078
534,450,2024-01-30,11788,3501,371,8064.00,2025-06-01 07:11:35.078
535,451,2024-01-01,94536,9664,820,3593.00,2025-06-01 07:11:35.078
536,452,2024-01-02,61944,9047,838,9561.00,2025-06-01 07:11:35.078
537,453,2024-01-03,56034,611,542,5479.00,2025-06-01 07:11:35.078
538,454,2024-01-04,7864,634,924,6533.00,2025-06-01 07:11:35.078
539,455,2024-01-05,82512,1305,673,8861.00,2025-06-01 07:11:35.078
540,456,2024-01-06,75065,7460,444,7427.00,2025-06-01 07:11:35.078
541,457,2024-01-07,38968,9428,646,9254.00,2025-06-01 07:11:35.078
542,458,2024-01-08,95751,5126,126,5613.00,2025-06-01 07:11:35.078
543,459,2024-01-09,39413,4215,533,6675.00,2025-06-01 07:11:35.078
544,460,2024-01-10,89886,6480,736,5648.00,2025-06-01 07:11:35.078
545,461,2024-01-11,79248,8789,28,5734.00,2025-06-01 07:11:35.078
546,462,2024-01-12,87912,7866,635,7622.00,2025-06-01 07:11:35.078
547,463,2024-01-13,92963,359,678,7143.00,2025-06-01 07:11:35.078
548,464,2024-01-14,56894,2118,172,7118.00,2025-06-01 07:11:35.078
549,465,2024-01-15,28099,1122,844,6261.00,2025-06-01 07:11:35.078
550,466,2024-01-16,69315,4352,18,4643.00,2025-06-01 07:11:35.078
551,467,2024-01-17,84534,2949,510,2421.00,2025-06-01 07:11:35.078
552,468,2024-01-18,92084,9561,160,7289.00,2025-06-01 07:11:35.078
553,469,2024-01-19,68505,1387,119,6644.00,2025-06-01 07:11:35.078
554,470,2024-01-20,72324,6353,200,4428.00,2025-06-01 07:11:35.078
555,471,2024-01-21,30958,6763,856,6968.00,2025-06-01 07:11:35.078
556,472,2024-01-22,95106,8330,40,7589.00,2025-06-01 07:11:35.078
557,473,2024-01-23,28874,9148,385,5508.00,2025-06-01 07:11:35.078
558,474,2024-01-24,2958,8687,348,9652.00,2025-06-01 07:11:35.078
559,475,2024-01-25,93948,4721,627,3488.00,2025-06-01 07:11:35.078
560,476,2024-01-26,84044,9000,253,1435.00,2025-06-01 07:11:35.078
561,477,2024-01-27,48845,8305,456,7545.00,2025-06-01 07:11:35.078
562,478,2024-01-28,82926,3751,40,5143.00,2025-06-01 07:11:35.078
563,479,2024-01-29,8828,2263,364,2248.00,2025-06-01 07:11:35.078
564,480,2024-01-30,51065,3470,782,2668.00,2025-06-01 07:11:35.078
565,481,2024-01-01,91691,2464,18,5593.00,2025-06-01 07:11:35.078
566,482,2024-01-02,91918,4385,57,3344.00,2025-06-01 07:11:35.078
567,483,2024-01-03,31719,3626,773,6052.00,2025-06-01 07:11:35.078
568,484,2024-01-04,58374,1539,839,2136.00,2025-06-01 07:11:35.078
569,485,2024-01-05,63553,9666,174,8727.00,2025-06-01 07:11:35.078
570,486,2024-01-06,91336,1433,731,9698.00,2025-06-01 07:11:35.078
571,487,2024-01-07,55633,8846,424,9374.00,2025-06-01 07:11:35.078
572,488,2024-01-08,87391,4601,318,8458.00,2025-06-01 07:11:35.078
573,489,2024-01-09,92574,4817,328,7607.00,2025-06-01 07:11:35.078
574,490,2024-01-10,98445,5553,985,1081.00,2025-06-01 07:11:35.078
575,491,2024-01-11,44271,5901,380,9323.00,2025-06-01 07:11:35.078
576,492,2024-01-12,23817,3117,960,5710.00,2025-06-01 07:11:35.078
577,493,2024-01-13,46741,1267,589,1257.00,2025-06-01 07:11:35.078
578,494,2024-01-14,97859,1761,983,5721.00,2025-06-01 07:11:35.078
579,495,2024-01-15,96807,5369,441,2385.00,2025-06-01 07:11:35.078
580,496,2024-01-16,73822,1696,991,1501.00,2025-06-01 07:11:35.078
581,497,2024-01-17,40187,473,407,6912.00,2025-06-01 07:11:35.078
582,498,2024-01-18,56195,6163,322,7112.00,2025-06-01 07:11:35.078
583,499,2024-01-19,63092,6181,783,9599.00,2025-06-01 07:11:35.078
584,500,2024-01-20,29613,2878,710,3519.00,2025-06-01 07:11:35.078
585,501,2024-01-21,19089,3897,41,6822.00,2025-06-01 07:11:35.078
586,502,2024-01-22,39490,6195,546,3859.00,2025-06-01 07:11:35.078
587,503,2024-01-23,81126,4366,303,7217.00,2025-06-01 07:11:35.078
588,504,2024-01-24,53645,4868,459,5293.00,2025-06-01 07:11:35.078
589,505,2024-01-25,19990,1353,117,5871.00,2025-06-01 07:11:35.078
590,506,2024-01-26,19789,7304,371,8207.00,2025-06-01 07:11:35.078
591,507,2024-01-27,76533,2518,602,8768.00,2025-06-01 07:11:35.078
592,508,2024-01-28,86699,3445,427,7648.00,2025-06-01 07:11:35.078
593,509,2024-01-29,34927,6601,202,2430.00,2025-06-01 07:11:35.078
594,510,2024-01-30,69226,2737,332,3376.00,2025-06-01 07:11:35.078
595,511,2024-01-01,37256,6826,277,4030.00,2025-06-01 07:11:35.078
596,512,2024-01-02,97388,6909,589,2760.00,2025-06-01 07:11:35.078
597,513,2024-01-03,3873,7112,984,9473.00,2025-06-01 07:11:35.078
598,514,2024-01-04,1196,223,187,3989.00,2025-06-01 07:11:35.078
599,515,2024-01-05,43345,5513,462,5327.00,2025-06-01 07:11:35.078
600,516,2024-01-06,69815,7095,373,8378.00,2025-06-01 07:11:35.078
601,517,2024-01-07,90772,5285,218,3624.00,2025-06-01 07:11:35.078
602,518,2024-01-08,28082,3124,813,7318.00,2025-06-01 07:11:35.078
603,519,2024-01-09,82051,209,270,1875.00,2025-06-01 07:11:35.078
604,520,2024-01-10,31144,1085,523,7913.00,2025-06-01 07:11:35.078
605,521,2024-01-11,70914,9110,372,3631.00,2025-06-01 07:11:35.078
606,522,2024-01-12,22779,6710,640,5393.00,2025-06-01 07:11:35.078
607,523,2024-01-13,30300,7980,447,9982.00,2025-06-01 07:11:35.078
608,524,2024-01-14,19266,9714,271,6792.00,2025-06-01 07:11:35.078
609,525,2024-01-15,52955,7249,62,5708.00,2025-06-01 07:11:35.078
610,526,2024-01-16,76035,802,837,3241.00,2025-06-01 07:11:35.078
611,527,2024-01-17,80773,1494,941,6961.00,2025-06-01 07:11:35.078
612,528,2024-01-18,16009,2854,176,9735.00,2025-06-01 07:11:35.078
613,529,2024-01-19,39441,9954,297,2370.00,2025-06-01 07:11:35.078
614,530,2024-01-20,71345,8933,503,4210.00,2025-06-01 07:11:35.078
615,531,2024-01-21,15298,6023,919,3390.00,2025-06-01 07:11:35.078
616,532,2024-01-22,93287,7689,408,2828.00,2025-06-01 07:11:35.078
617,533,2024-01-23,26231,1142,529,8043.00,2025-06-01 07:11:35.078
618,534,2024-01-24,43140,2555,944,9386.00,2025-06-01 07:11:35.078
619,535,2024-01-25,70365,9555,846,4718.00,2025-06-01 07:11:35.078
620,536,2024-01-26,81285,2312,283,8583.00,2025-06-01 07:11:35.078
621,537,2024-01-27,86795,4837,723,7023.00,2025-06-01 07:11:35.078
622,538,2024-01-28,91456,340,105,2113.00,2025-06-01 07:11:35.078
623,539,2024-01-29,10698,4779,303,5370.00,2025-06-01 07:11:35.078
624,540,2024-01-30,20701,5788,89,5377.00,2025-06-01 07:11:35.078
625,541,2024-01-01,65781,5740,759,2783.00,2025-06-01 07:11:35.078
626,542,2024-01-02,71387,8492,850,9982.00,2025-06-01 07:11:35.078
627,543,2024-01-03,51355,3967,811,8654.00,2025-06-01 07:11:35.078
628,544,2024-01-04,39500,5514,633,2911.00,2025-06-01 07:11:35.078
629,545,2024-01-05,17073,5091,599,9288.00,2025-06-01 07:11:35.078
630,546,2024-01-06,82043,911,557,7967.00,2025-06-01 07:11:35.078
631,547,2024-01-07,21879,7267,477,5941.00,2025-06-01 07:11:35.078
632,548,2024-01-08,79952,1560,28,5644.00,2025-06-01 07:11:35.078
633,549,2024-01-09,62755,2302,104,2616.00,2025-06-01 07:11:35.078
634,550,2024-01-10,26873,4250,485,4443.00,2025-06-01 07:11:35.078
635,551,2024-01-11,6010,4260,389,6005.00,2025-06-01 07:11:35.078
636,552,2024-01-12,23556,1429,277,9334.00,2025-06-01 07:11:35.078
637,553,2024-01-13,65906,4784,961,2304.00,2025-06-01 07:11:35.078
638,554,2024-01-14,79695,1096,859,1114.00,2025-06-01 07:11:35.078
639,555,2024-01-15,14463,4709,361,8366.00,2025-06-01 07:11:35.078
640,556,2024-01-16,55909,7299,854,6557.00,2025-06-01 07:11:35.078
641,557,2024-01-17,51754,3076,254,6282.00,2025-06-01 07:11:35.078
642,558,2024-01-18,61027,8472,34,3175.00,2025-06-01 07:11:35.078
643,559,2024-01-19,35381,2646,360,4630.00,2025-06-01 07:11:35.078
644,560,2024-01-20,14502,1835,112,4093.00,2025-06-01 07:11:35.078
645,561,2024-01-21,75363,6273,580,7926.00,2025-06-01 07:11:35.078
646,562,2024-01-22,2702,706,503,3338.00,2025-06-01 07:11:35.078
647,563,2024-01-23,26738,7915,663,7717.00,2025-06-01 07:11:35.078
648,564,2024-01-24,97439,5742,722,3913.00,2025-06-01 07:11:35.078
649,565,2024-01-25,34958,195,99,5222.00,2025-06-01 07:11:35.078
650,566,2024-01-26,5900,5271,22,3790.00,2025-06-01 07:11:35.078
651,567,2024-01-27,20813,7771,836,2094.00,2025-06-01 07:11:35.078
652,568,2024-01-28,44578,330,734,6175.00,2025-06-01 07:11:35.078
653,569,2024-01-29,75165,8813,510,1012.00,2025-06-01 07:11:35.078
654,570,2024-01-30,27400,7977,235,8788.00,2025-06-01 07:11:35.078
655,571,2024-01-01,89615,174,985,3792.00,2025-06-01 07:11:35.078
656,572,2024-01-02,71681,5306,18,7575.00,2025-06-01 07:11:35.078
657,573,2024-01-03,79140,3139,989,7237.00,2025-06-01 07:11:35.078
658,574,2024-01-04,1721,1566,123,7656.00,2025-06-01 07:11:35.078
659,575,2024-01-05,32659,9916,546,5745.00,2025-06-01 07:11:35.078
660,576,2024-01-06,64980,4469,268,1705.00,2025-06-01 07:11:35.078
661,577,2024-01-07,41118,2857,618,3749.00,2025-06-01 07:11:35.078
662,578,2024-01-08,99600,6796,441,1237.00,2025-06-01 07:11:35.078
663,579,2024-01-09,79681,4975,932,8779.00,2025-06-01 07:11:35.078
664,580,2024-01-10,11221,4465,715,5058.00,2025-06-01 07:11:35.078
665,581,2024-01-11,55992,9855,833,5556.00,2025-06-01 07:11:35.078
666,582,2024-01-12,95489,3929,825,3342.00,2025-06-01 07:11:35.078
667,583,2024-01-13,4834,9513,274,6793.00,2025-06-01 07:11:35.078
668,584,2024-01-14,41942,1176,511,6310.00,2025-06-01 07:11:35.078
669,585,2024-01-15,36005,7306,146,4414.00,2025-06-01 07:11:35.078
670,586,2024-01-16,78322,7414,763,7222.00,2025-06-01 07:11:35.078
671,587,2024-01-17,26214,8744,571,9025.00,2025-06-01 07:11:35.078
672,588,2024-01-18,74049,1060,35,4077.00,2025-06-01 07:11:35.078
673,589,2024-01-19,33485,7655,108,4997.00,2025-06-01 07:11:35.078
674,590,2024-01-20,94084,707,739,1460.00,2025-06-01 07:11:35.078
675,591,2024-01-21,74907,7062,666,2901.00,2025-06-01 07:11:35.078
676,592,2024-01-22,23867,225,151,2135.00,2025-06-01 07:11:35.078
677,593,2024-01-23,47158,9532,662,8690.00,2025-06-01 07:11:35.078
678,594,2024-01-24,80398,2724,841,2256.00,2025-06-01 07:11:35.078
679,595,2024-01-25,40969,9577,524,3743.00,2025-06-01 07:11:35.078
680,596,2024-01-26,99376,8891,861,6565.00,2025-06-01 07:11:35.078
681,597,2024-01-27,23803,9767,841,4634.00,2025-06-01 07:11:35.078
682,598,2024-01-28,6554,7883,321,5440.00,2025-06-01 07:11:35.078
683,599,2024-01-29,71198,9624,718,1951.00,2025-06-01 07:11:35.078
684,600,2024-01-30,58618,6227,984,1719.00,2025-06-01 07:11:35.078
685,601,2024-01-01,56954,5842,269,2699.00,2025-06-01 07:11:35.078
686,602,2024-01-02,26104,2052,137,9105.00,2025-06-01 07:11:35.078
687,603,2024-01-03,8914,3270,565,1536.00,2025-06-01 07:11:35.078
688,604,2024-01-04,3374,8406,946,5013.00,2025-06-01 07:11:35.078
689,605,2024-01-05,65889,7457,779,2246.00,2025-06-01 07:11:35.078
690,606,2024-01-06,70889,1125,774,2294.00,2025-06-01 07:11:35.078
691,607,2024-01-07,58141,7307,89,8910.00,2025-06-01 07:11:35.078
692,608,2024-01-08,93494,2795,249,3460.00,2025-06-01 07:11:35.078
693,609,2024-01-09,68335,9417,51,9310.00,2025-06-01 07:11:35.078
694,610,2024-01-10,44425,332,151,8777.00,2025-06-01 07:11:35.078
695,611,2024-01-11,20033,1212,291,8251.00,2025-06-01 07:11:35.078
696,612,2024-01-12,16825,9416,636,8334.00,2025-06-01 07:11:35.078
697,613,2024-01-13,53357,3736,333,2035.00,2025-06-01 07:11:35.078
698,614,2024-01-14,72082,3285,457,3707.00,2025-06-01 07:11:35.078
699,615,2024-01-15,39240,3265,184,7246.00,2025-06-01 07:11:35.078
700,616,2024-01-16,39460,9575,24,6020.00,2025-06-01 07:11:35.078
701,617,2024-01-17,42495,2265,535,5961.00,2025-06-01 07:11:35.078
702,618,2024-01-18,26888,1440,705,4624.00,2025-06-01 07:11:35.078
703,619,2024-01-19,34565,904,552,1786.00,2025-06-01 07:11:35.078
704,620,2024-01-20,89449,6096,485,4228.00,2025-06-01 07:11:35.078
705,621,2024-01-21,15638,1917,790,8970.00,2025-06-01 07:11:35.078
706,622,2024-01-22,45004,8217,822,8520.00,2025-06-01 07:11:35.078
707,623,2024-01-23,93399,2300,244,8924.00,2025-06-01 07:11:35.078
708,624,2024-01-24,10803,3767,946,2711.00,2025-06-01 07:11:35.078
709,625,2024-01-25,77338,268,44,6963.00,2025-06-01 07:11:35.078
710,626,2024-01-26,17113,6801,74,10000.00,2025-06-01 07:11:35.078
711,627,2024-01-27,27407,1825,174,4102.00,2025-06-01 07:11:35.078
712,628,2024-01-28,85468,3828,338,2609.00,2025-06-01 07:11:35.078
713,629,2024-01-29,25867,5346,953,4114.00,2025-06-01 07:11:35.078
714,630,2024-01-30,61716,5435,225,5907.00,2025-06-01 07:11:35.078
715,631,2024-01-01,33634,7355,779,2461.00,2025-06-01 07:11:35.078
716,632,2024-01-02,12073,4163,385,3485.00,2025-06-01 07:11:35.078
717,633,2024-01-03,55761,6655,504,4185.00,2025-06-01 07:11:35.078
718,634,2024-01-04,35857,8787,405,2306.00,2025-06-01 07:11:35.078
719,635,2024-01-05,80554,8484,314,7159.00,2025-06-01 07:11:35.078
720,636,2024-01-06,97108,2543,768,6444.00,2025-06-01 07:11:35.078
721,637,2024-01-07,56381,9416,34,3674.00,2025-06-01 07:11:35.078
722,638,2024-01-08,42293,7188,387,8289.00,2025-06-01 07:11:35.078
723,639,2024-01-09,63463,9053,157,9587.00,2025-06-01 07:11:35.078
724,640,2024-01-10,90022,3232,577,7694.00,2025-06-01 07:11:35.078
725,641,2024-01-11,11271,2580,190,2054.00,2025-06-01 07:11:35.078
726,642,2024-01-12,85852,5666,59,9462.00,2025-06-01 07:11:35.078
727,643,2024-01-13,86113,4202,754,9027.00,2025-06-01 07:11:35.078
728,644,2024-01-14,98561,7095,820,6671.00,2025-06-01 07:11:35.078
729,645,2024-01-15,57866,1605,517,4468.00,2025-06-01 07:11:35.078
730,646,2024-01-16,92328,1360,339,6854.00,2025-06-01 07:11:35.078
731,647,2024-01-17,87280,5092,706,3727.00,2025-06-01 07:11:35.078
732,648,2024-01-18,57864,9742,630,7321.00,2025-06-01 07:11:35.078
733,649,2024-01-19,68281,2276,285,9305.00,2025-06-01 07:11:35.078
734,650,2024-01-20,50167,5249,897,3122.00,2025-06-01 07:11:35.078
735,651,2024-01-21,82198,214,874,7065.00,2025-06-01 07:11:35.078
736,652,2024-01-22,81020,4891,320,9741.00,2025-06-01 07:11:35.078
737,653,2024-01-23,37717,6575,301,2484.00,2025-06-01 07:11:35.078
738,654,2024-01-24,20721,3511,956,8522.00,2025-06-01 07:11:35.078
739,655,2024-01-25,4237,913,951,6798.00,2025-06-01 07:11:35.078
740,656,2024-01-26,17090,823,759,8068.00,2025-06-01 07:11:35.078
741,657,2024-01-27,31586,2536,746,8449.00,2025-06-01 07:11:35.078
742,658,2024-01-28,92108,7689,206,7125.00,2025-06-01 07:11:35.078
743,659,2024-01-29,6660,6559,756,8539.00,2025-06-01 07:11:35.078
744,660,2024-01-30,29750,5196,380,8296.00,2025-06-01 07:11:35.078
745,661,2024-01-01,35103,4262,728,3594.00,2025-06-01 07:11:35.078
746,662,2024-01-02,44313,1610,734,4314.00,2025-06-01 07:11:35.078
747,663,2024-01-03,83263,1888,844,4165.00,2025-06-01 07:11:35.078
748,664,2024-01-04,74249,9881,816,6224.00,2025-06-01 07:11:35.078
749,665,2024-01-05,73310,9605,897,7126.00,2025-06-01 07:11:35.078
750,666,2024-01-06,70153,5894,672,6349.00,2025-06-01 07:11:35.078
751,667,2024-01-07,54751,2154,811,8487.00,2025-06-01 07:11:35.078
752,668,2024-01-08,22917,5861,587,2057.00,2025-06-01 07:11:35.078
753,669,2024-01-09,46634,3207,459,5742.00,2025-06-01 07:11:35.078
754,670,2024-01-10,95885,993,622,2120.00,2025-06-01 07:11:35.078
755,671,2024-01-11,6268,7599,719,6874.00,2025-06-01 07:11:35.078
756,672,2024-01-12,44655,837,678,7285.00,2025-06-01 07:11:35.078
757,673,2024-01-13,48359,435,875,8598.00,2025-06-01 07:11:35.078
758,674,2024-01-14,13938,4739,954,4661.00,2025-06-01 07:11:35.078
759,675,2024-01-15,6845,8461,610,8620.00,2025-06-01 07:11:35.078
760,676,2024-01-16,93643,3779,376,7561.00,2025-06-01 07:11:35.078
761,677,2024-01-17,70186,6390,330,7827.00,2025-06-01 07:11:35.078
762,678,2024-01-18,24823,5049,136,5375.00,2025-06-01 07:11:35.078
763,679,2024-01-19,67191,5803,59,6568.00,2025-06-01 07:11:35.078
764,680,2024-01-20,81459,7379,128,4329.00,2025-06-01 07:11:35.078
765,681,2024-01-21,23975,500,991,2563.00,2025-06-01 07:11:35.078
766,682,2024-01-22,51181,3898,233,3372.00,2025-06-01 07:11:35.078
767,683,2024-01-23,40662,2772,432,9549.00,2025-06-01 07:11:35.078
768,684,2024-01-24,30886,6235,448,1143.00,2025-06-01 07:11:35.078
769,685,2024-01-25,8984,7242,589,4942.00,2025-06-01 07:11:35.078
770,686,2024-01-26,91520,5912,794,3783.00,2025-06-01 07:11:35.078
771,687,2024-01-27,80696,3069,899,2609.00,2025-06-01 07:11:35.078
772,688,2024-01-28,87495,2798,722,6057.00,2025-06-01 07:11:35.078
773,689,2024-01-29,94543,2681,501,3877.00,2025-06-01 07:11:35.078
774,690,2024-01-30,13811,7213,187,4857.00,2025-06-01 07:11:35.078
775,691,2024-01-01,3998,4017,377,6796.00,2025-06-01 07:11:35.078
776,692,2024-01-02,59313,3733,377,3735.00,2025-06-01 07:11:35.078
777,693,2024-01-03,25485,5411,253,5065.00,2025-06-01 07:11:35.078
778,694,2024-01-04,50819,3790,791,4232.00,2025-06-01 07:11:35.078
779,695,2024-01-05,93635,1314,230,9301.00,2025-06-01 07:11:35.078
780,696,2024-01-06,65516,823,138,8498.00,2025-06-01 07:11:35.078
781,697,2024-01-07,34993,8200,755,3621.00,2025-06-01 07:11:35.078
782,698,2024-01-08,73811,5869,59,9184.00,2025-06-01 07:11:35.078
783,699,2024-01-09,92667,1236,447,4131.00,2025-06-01 07:11:35.078
784,700,2024-01-10,46200,8561,311,7741.00,2025-06-01 07:11:35.078
785,701,2024-01-11,72382,8365,980,8731.00,2025-06-01 07:11:35.078
786,702,2024-01-12,32994,7634,453,4802.00,2025-06-01 07:11:35.078
787,703,2024-01-13,37773,8744,823,6115.00,2025-06-01 07:11:35.078
788,704,2024-01-14,37581,2959,963,1823.00,2025-06-01 07:11:35.078
789,705,2024-01-15,17775,4159,844,8424.00,2025-06-01 07:11:35.078
790,706,2024-01-16,76175,3020,496,4713.00,2025-06-01 07:11:35.078
791,707,2024-01-17,68796,165,791,5947.00,2025-06-01 07:11:35.078
792,708,2024-01-18,77419,7637,996,3878.00,2025-06-01 07:11:35.078
793,709,2024-01-19,70988,7255,469,7538.00,2025-06-01 07:11:35.078
794,710,2024-01-20,76695,3487,754,6650.00,2025-06-01 07:11:35.078
795,711,2024-01-21,63431,9776,760,8954.00,2025-06-01 07:11:35.078
796,712,2024-01-22,85654,5339,905,2904.00,2025-06-01 07:11:35.078
797,713,2024-01-23,80142,5394,982,4254.00,2025-06-01 07:11:35.078
798,714,2024-01-24,37651,7921,45,8534.00,2025-06-01 07:11:35.078
799,715,2024-01-25,98911,2876,538,2978.00,2025-06-01 07:11:35.078
800,716,2024-01-26,85212,5185,988,1722.00,2025-06-01 07:11:35.078
801,717,2024-01-27,44512,9046,262,3970.00,2025-06-01 07:11:35.078
802,718,2024-01-28,98121,7901,77,3310.00,2025-06-01 07:11:35.078
803,719,2024-01-29,92863,2798,683,5323.00,2025-06-01 07:11:35.078
804,720,2024-01-30,67548,2021,798,6563.00,2025-06-01 07:11:35.078
805,721,2024-01-01,31935,7039,823,4216.00,2025-06-01 07:11:35.078
806,722,2024-01-02,66603,1091,611,7652.00,2025-06-01 07:11:35.078
807,723,2024-01-03,70859,1654,94,1209.00,2025-06-01 07:11:35.078
808,724,2024-01-04,98732,8007,713,8696.00,2025-06-01 07:11:35.078
809,725,2024-01-05,21229,2364,95,4947.00,2025-06-01 07:11:35.078
810,726,2024-01-06,34326,9423,478,3560.00,2025-06-01 07:11:35.078
811,727,2024-01-07,40051,3310,343,5096.00,2025-06-01 07:11:35.078
812,728,2024-01-08,67173,1369,848,7473.00,2025-06-01 07:11:35.078
813,729,2024-01-09,16780,5778,483,1258.00,2025-06-01 07:11:35.078
814,730,2024-01-10,75086,5003,986,2555.00,2025-06-01 07:11:35.078
815,731,2024-01-11,14876,9544,781,2276.00,2025-06-01 07:11:35.078
816,732,2024-01-12,34292,5779,204,7529.00,2025-06-01 07:11:35.078
817,733,2024-01-13,78920,6212,802,4444.00,2025-06-01 07:11:35.078
818,734,2024-01-14,7880,3218,995,7953.00,2025-06-01 07:11:35.078
819,735,2024-01-15,6418,8939,773,2165.00,2025-06-01 07:11:35.078
820,736,2024-01-16,42545,9517,563,8279.00,2025-06-01 07:11:35.078
821,737,2024-01-17,93709,8369,803,4398.00,2025-06-01 07:11:35.078
822,738,2024-01-18,46957,3156,912,7027.00,2025-06-01 07:11:35.078
823,739,2024-01-19,34518,8901,412,2405.00,2025-06-01 07:11:35.078
824,740,2024-01-20,37178,3816,484,3199.00,2025-06-01 07:11:35.078
825,741,2024-01-21,65411,9820,182,9197.00,2025-06-01 07:11:35.078
826,742,2024-01-22,6476,9218,52,5015.00,2025-06-01 07:11:35.078
827,743,2024-01-23,69226,5948,818,7197.00,2025-06-01 07:11:35.078
828,744,2024-01-24,62951,6031,759,6746.00,2025-06-01 07:11:35.078
829,745,2024-01-25,56727,490,582,9894.00,2025-06-01 07:11:35.078
830,746,2024-01-26,94686,6766,134,7464.00,2025-06-01 07:11:35.078
831,747,2024-01-27,73166,6550,750,4586.00,2025-06-01 07:11:35.078
832,748,2024-01-28,49042,6215,848,9313.00,2025-06-01 07:11:35.078
833,749,2024-01-29,87558,6918,433,7820.00,2025-06-01 07:11:35.078
834,750,2024-01-30,43598,8286,67,2531.00,2025-06-01 07:11:35.078
835,751,2024-01-01,34380,5526,320,7991.00,2025-06-01 07:11:35.078
836,752,2024-01-02,94127,7555,698,2515.00,2025-06-01 07:11:35.078
837,753,2024-01-03,24620,583,687,5668.00,2025-06-01 07:11:35.078
838,754,2024-01-04,10302,9968,520,3711.00,2025-06-01 07:11:35.078
839,755,2024-01-05,56163,8418,904,1244.00,2025-06-01 07:11:35.078
840,756,2024-01-06,13746,8478,822,4696.00,2025-06-01 07:11:35.078
841,757,2024-01-07,93087,4534,769,3417.00,2025-06-01 07:11:35.078
842,758,2024-01-08,19856,7987,614,4743.00,2025-06-01 07:11:35.078
843,759,2024-01-09,74060,4550,596,1402.00,2025-06-01 07:11:35.078
844,760,2024-01-10,48115,8574,162,8247.00,2025-06-01 07:11:35.078
845,761,2024-01-11,11056,3845,116,1150.00,2025-06-01 07:11:35.078
846,762,2024-01-12,3647,7303,550,8197.00,2025-06-01 07:11:35.078
847,763,2024-01-13,47986,3730,526,7153.00,2025-06-01 07:11:35.078
848,764,2024-01-14,54002,5822,869,4991.00,2025-06-01 07:11:35.078
849,765,2024-01-15,91682,3057,177,2227.00,2025-06-01 07:11:35.078
850,766,2024-01-16,89286,555,663,2104.00,2025-06-01 07:11:35.078
851,767,2024-01-17,22203,8602,594,8033.00,2025-06-01 07:11:35.078
852,768,2024-01-18,23703,9972,152,4639.00,2025-06-01 07:11:35.078
853,769,2024-01-19,63045,469,837,2827.00,2025-06-01 07:11:35.078
854,770,2024-01-20,64747,8125,656,3060.00,2025-06-01 07:11:35.078
855,771,2024-01-21,63731,3383,549,9688.00,2025-06-01 07:11:35.078
856,772,2024-01-22,75186,403,930,6303.00,2025-06-01 07:11:35.078
857,773,2024-01-23,69771,1413,102,5556.00,2025-06-01 07:11:35.078
858,774,2024-01-24,40566,6210,383,2244.00,2025-06-01 07:11:35.078
859,775,2024-01-25,12213,8859,465,4696.00,2025-06-01 07:11:35.078
860,776,2024-01-26,78670,8497,263,6539.00,2025-06-01 07:11:35.078
861,777,2024-01-27,18866,8444,205,4026.00,2025-06-01 07:11:35.078
862,778,2024-01-28,72796,5282,901,5928.00,2025-06-01 07:11:35.078
863,779,2024-01-29,78167,4700,562,5287.00,2025-06-01 07:11:35.078
864,780,2024-01-30,52883,9851,136,7599.00,2025-06-01 07:11:35.078
865,781,2024-01-01,80622,9598,940,1306.00,2025-06-01 07:11:35.078
866,782,2024-01-02,24377,8279,244,4139.00,2025-06-01 07:11:35.078
867,783,2024-01-03,41896,5529,426,8525.00,2025-06-01 07:11:35.078
868,784,2024-01-04,65557,4035,741,8200.00,2025-06-01 07:11:35.078
869,785,2024-01-05,32293,2542,82,4023.00,2025-06-01 07:11:35.078
870,786,2024-01-06,60199,180,835,9602.00,2025-06-01 07:11:35.078
871,787,2024-01-07,88197,4399,555,3319.00,2025-06-01 07:11:35.078
872,788,2024-01-08,71793,266,857,1244.00,2025-06-01 07:11:35.078
873,789,2024-01-09,26434,8645,606,7886.00,2025-06-01 07:11:35.078
874,790,2024-01-10,62074,6329,361,5412.00,2025-06-01 07:11:35.078
875,791,2024-01-11,89202,2484,755,8837.00,2025-06-01 07:11:35.078
876,792,2024-01-12,8660,7828,514,2993.00,2025-06-01 07:11:35.078
877,793,2024-01-13,52955,9963,174,5729.00,2025-06-01 07:11:35.078
878,794,2024-01-14,22107,1038,668,7719.00,2025-06-01 07:11:35.078
879,795,2024-01-15,6378,2905,918,9703.00,2025-06-01 07:11:35.078
880,796,2024-01-16,14917,9396,321,4899.00,2025-06-01 07:11:35.078
881,797,2024-01-17,71561,5149,752,7286.00,2025-06-01 07:11:35.078
882,798,2024-01-18,21617,1858,88,2814.00,2025-06-01 07:11:35.078
883,799,2024-01-19,30091,6600,521,8704.00,2025-06-01 07:11:35.078
884,800,2024-01-20,5796,231,269,4471.00,2025-06-01 07:11:35.078
885,801,2024-01-21,45030,5245,226,5383.00,2025-06-01 07:11:35.078
886,802,2024-01-22,51840,2455,560,2977.00,2025-06-01 07:11:35.078
887,803,2024-01-23,27868,6335,632,5506.00,2025-06-01 07:11:35.078
888,804,2024-01-24,6082,5697,334,4402.00,2025-06-01 07:11:35.078
889,805,2024-01-25,15980,1958,226,1043.00,2025-06-01 07:11:35.078
890,806,2024-01-26,78570,8699,101,9546.00,2025-06-01 07:11:35.078
891,807,2024-01-27,47343,9320,987,9192.00,2025-06-01 07:11:35.078
892,808,2024-01-28,95632,212,484,4768.00,2025-06-01 07:11:35.078
893,809,2024-01-29,21711,9661,492,3181.00,2025-06-01 07:11:35.078
894,810,2024-01-30,93829,5537,535,2632.00,2025-06-01 07:11:35.078
895,811,2024-01-01,93887,2187,382,4640.00,2025-06-01 07:11:35.078
896,812,2024-01-02,99465,455,995,1777.00,2025-06-01 07:11:35.078
897,813,2024-01-03,94376,8871,980,4277.00,2025-06-01 07:11:35.078
898,814,2024-01-04,28805,4610,603,1620.00,2025-06-01 07:11:35.078
899,815,2024-01-05,10086,8509,900,3815.00,2025-06-01 07:11:35.078
900,816,2024-01-06,30439,9360,350,2045.00,2025-06-01 07:11:35.078
901,817,2024-01-07,68031,3506,842,3467.00,2025-06-01 07:11:35.078
902,818,2024-01-08,57292,8819,39,8405.00,2025-06-01 07:11:35.078
903,819,2024-01-09,75826,9062,294,4902.00,2025-06-01 07:11:35.078
904,820,2024-01-10,77219,7350,205,6789.00,2025-06-01 07:11:35.078
905,821,2024-01-11,36766,6740,898,8527.00,2025-06-01 07:11:35.078
906,822,2024-01-12,28098,5194,424,7166.00,2025-06-01 07:11:35.078
907,823,2024-01-13,33933,4664,544,2849.00,2025-06-01 07:11:35.078
908,824,2024-01-14,42343,4452,596,7663.00,2025-06-01 07:11:35.078
909,825,2024-01-15,64702,5325,646,7939.00,2025-06-01 07:11:35.078
910,826,2024-01-16,57458,8805,354,5350.00,2025-06-01 07:11:35.078
911,827,2024-01-17,64007,8462,533,7804.00,2025-06-01 07:11:35.078
912,828,2024-01-18,70790,2780,133,4735.00,2025-06-01 07:11:35.078
913,829,2024-01-19,3704,6282,895,1009.00,2025-06-01 07:11:35.078
914,830,2024-01-20,40072,3341,640,2149.00,2025-06-01 07:11:35.078
915,831,2024-01-21,55418,1415,325,7357.00,2025-06-01 07:11:35.078
916,832,2024-01-22,90928,7400,526,7949.00,2025-06-01 07:11:35.078
917,833,2024-01-23,66021,2078,441,9570.00,2025-06-01 07:11:35.078
918,834,2024-01-24,31751,7916,588,6019.00,2025-06-01 07:11:35.078
919,835,2024-01-25,70565,4880,790,5958.00,2025-06-01 07:11:35.078
920,836,2024-01-26,59196,963,953,9210.00,2025-06-01 07:11:35.078
921,837,2024-01-27,24417,3723,944,1944.00,2025-06-01 07:11:35.078
922,838,2024-01-28,70746,4947,488,1377.00,2025-06-01 07:11:35.078
923,839,2024-01-29,21131,8104,386,7847.00,2025-06-01 07:11:35.078
924,840,2024-01-30,92457,1807,35,8836.00,2025-06-01 07:11:35.078
925,841,2024-01-01,47218,3048,65,9405.00,2025-06-01 07:11:35.078
926,842,2024-01-02,87813,7746,368,8408.00,2025-06-01 07:11:35.078
927,843,2024-01-03,21025,4770,613,7358.00,2025-06-01 07:11:35.078
928,844,2024-01-04,56448,1845,384,1782.00,2025-06-01 07:11:35.078
929,845,2024-01-05,40089,630,129,2571.00,2025-06-01 07:11:35.078
930,846,2024-01-06,39770,3536,507,7403.00,2025-06-01 07:11:35.078
931,847,2024-01-07,37475,8731,259,1902.00,2025-06-01 07:11:35.078
932,848,2024-01-08,84203,7315,496,1343.00,2025-06-01 07:11:35.078
933,849,2024-01-09,90444,9849,228,9482.00,2025-06-01 07:11:35.078
934,850,2024-01-10,45605,6207,719,7738.00,2025-06-01 07:11:35.078
935,851,2024-01-11,98411,5339,293,8109.00,2025-06-01 07:11:35.078
936,852,2024-01-12,27986,2756,303,6950.00,2025-06-01 07:11:35.078
937,853,2024-01-13,19742,3277,137,5971.00,2025-06-01 07:11:35.078
938,854,2024-01-14,51567,4960,771,6948.00,2025-06-01 07:11:35.078
939,855,2024-01-15,98773,859,513,2016.00,2025-06-01 07:11:35.078
940,856,2024-01-16,4227,3710,517,9879.00,2025-06-01 07:11:35.078
941,857,2024-01-17,86038,8159,47,8025.00,2025-06-01 07:11:35.078
942,858,2024-01-18,96664,1706,777,3638.00,2025-06-01 07:11:35.078
943,859,2024-01-19,2436,8089,385,6196.00,2025-06-01 07:11:35.078
944,860,2024-01-20,93993,6349,337,9637.00,2025-06-01 07:11:35.078
945,861,2024-01-21,23085,3428,63,4227.00,2025-06-01 07:11:35.078
946,862,2024-01-22,74760,9168,387,5152.00,2025-06-01 07:11:35.078
947,863,2024-01-23,44284,2360,618,2295.00,2025-06-01 07:11:35.078
948,864,2024-01-24,27554,2498,816,9984.00,2025-06-01 07:11:35.078
949,865,2024-01-25,9555,9326,562,7964.00,2025-06-01 07:11:35.078
950,866,2024-01-26,47969,1366,858,1069.00,2025-06-01 07:11:35.078
951,867,2024-01-27,21282,4751,856,4526.00,2025-06-01 07:11:35.078
952,868,2024-01-28,7223,506,681,5893.00,2025-06-01 07:11:35.078
953,869,2024-01-29,67722,1009,725,4382.00,2025-06-01 07:11:35.078
954,870,2024-01-30,37163,9835,502,1555.00,2025-06-01 07:11:35.078
955,871,2024-01-01,79156,8980,844,7145.00,2025-06-01 07:11:35.078
956,872,2024-01-02,5067,2156,157,2283.00,2025-06-01 07:11:35.078
957,873,2024-01-03,9703,1035,342,5152.00,2025-06-01 07:11:35.078
958,874,2024-01-04,6527,2280,498,4508.00,2025-06-01 07:11:35.078
959,875,2024-01-05,16927,1314,916,1321.00,2025-06-01 07:11:35.078
960,876,2024-01-06,88791,6269,982,1611.00,2025-06-01 07:11:35.078
961,877,2024-01-07,99222,2870,344,6929.00,2025-06-01 07:11:35.078
962,878,2024-01-08,23967,8122,297,7712.00,2025-06-01 07:11:35.078
963,879,2024-01-09,70615,206,814,8578.00,2025-06-01 07:11:35.078
964,880,2024-01-10,49279,5456,961,2314.00,2025-06-01 07:11:35.078
965,881,2024-01-11,16264,230,910,9853.00,2025-06-01 07:11:35.078
966,882,2024-01-12,1687,6269,930,7527.00,2025-06-01 07:11:35.078
967,883,2024-01-13,14124,6210,826,5293.00,2025-06-01 07:11:35.078
968,884,2024-01-14,9492,8663,889,5796.00,2025-06-01 07:11:35.078
969,885,2024-01-15,70077,1311,295,7424.00,2025-06-01 07:11:35.078
970,886,2024-01-16,69229,8119,994,8753.00,2025-06-01 07:11:35.078
971,887,2024-01-17,20344,7000,84,1965.00,2025-06-01 07:11:35.078
972,888,2024-01-18,15990,6283,489,8054.00,2025-06-01 07:11:35.078
973,889,2024-01-19,4183,8568,422,4408.00,2025-06-01 07:11:35.078
974,890,2024-01-20,59899,153,266,5455.00,2025-06-01 07:11:35.078
975,891,2024-01-21,19096,1346,98,1007.00,2025-06-01 07:11:35.078
976,892,2024-01-22,18690,9485,346,6058.00,2025-06-01 07:11:35.078
977,893,2024-01-23,63347,246,685,2275.00,2025-06-01 07:11:35.078
978,894,2024-01-24,96979,5992,201,5185.00,2025-06-01 07:11:35.078
979,895,2024-01-25,11832,526,38,2163.00,2025-06-01 07:11:35.078
980,896,2024-01-26,78356,4135,351,8212.00,2025-06-01 07:11:35.078
981,897,2024-01-27,24690,9581,460,4528.00,2025-06-01 07:11:35.078
982,898,2024-01-28,44356,2234,603,8232.00,2025-06-01 07:11:35.078
983,899,2024-01-29,48819,8578,291,9499.00,2025-06-01 07:11:35.078
984,900,2024-01-30,6271,8101,800,5646.00,2025-06-01 07:11:35.078
985,901,2024-01-01,75978,3017,311,5513.00,2025-06-01 07:11:35.078
986,902,2024-01-02,51474,3199,646,4731.00,2025-06-01 07:11:35.078
987,903,2024-01-03,20095,4043,691,6091.00,2025-06-01 07:11:35.078
988,904,2024-01-04,90199,4900,201,7175.00,2025-06-01 07:11:35.078
989,905,2024-01-05,56658,2951,827,3234.00,2025-06-01 07:11:35.078
990,906,2024-01-06,58420,5743,839,5239.00,2025-06-01 07:11:35.078
991,907,2024-01-07,80585,5186,928,3943.00,2025-06-01 07:11:35.078
992,908,2024-01-08,32151,6259,11,1848.00,2025-06-01 07:11:35.078
993,909,2024-01-09,3574,3456,654,1625.00,2025-06-01 07:11:35.078
994,910,2024-01-10,1558,3671,248,4795.00,2025-06-01 07:11:35.078
995,911,2024-01-11,62517,3466,245,2459.00,2025-06-01 07:11:35.078
996,912,2024-01-12,72883,3902,936,7144.00,2025-06-01 07:11:35.078
997,913,2024-01-13,34092,8439,933,9564.00,2025-06-01 07:11:35.078
998,914,2024-01-14,29654,7884,311,7782.00,2025-06-01 07:11:35.078
999,915,2024-01-15,64806,5392,128,7792.00,2025-06-01 07:11:35.078
1000,916,2024-01-16,73387,4049,787,5834.00,2025-06-01 07:11:35.078
1001,917,2024-01-17,36427,9955,705,9974.00,2025-06-01 07:11:35.078
1002,918,2024-01-18,73926,1253,937,7232.00,2025-06-01 07:11:35.078
1003,919,2024-01-19,42764,4120,568,5952.00,2025-06-01 07:11:35.078
1004,920,2024-01-20,25531,9766,128,2878.00,2025-06-01 07:11:35.078
1005,921,2024-01-21,41840,578,938,7998.00,2025-06-01 07:11:35.078
1006,922,2024-01-22,79222,7231,297,2851.00,2025-06-01 07:11:35.078
1007,923,2024-01-23,65818,4902,652,2876.00,2025-06-01 07:11:35.078
1008,924,2024-01-24,73239,9438,298,6549.00,2025-06-01 07:11:35.078
1009,925,2024-01-25,47950,3803,138,5632.00,2025-06-01 07:11:35.078
1010,926,2024-01-26,73998,9946,368,8290.00,2025-06-01 07:11:35.078
1011,927,2024-01-27,74928,513,382,3366.00,2025-06-01 07:11:35.078
1012,928,2024-01-28,26334,1871,493,8899.00,2025-06-01 07:11:35.078
1013,929,2024-01-29,61748,4329,188,9462.00,2025-06-01 07:11:35.078
1014,930,2024-01-30,28188,2012,139,2767.00,2025-06-01 07:11:35.078
1015,931,2024-01-01,47570,2491,970,9231.00,2025-06-01 07:11:35.078
1016,932,2024-01-02,10391,2737,462,3646.00,2025-06-01 07:11:35.078
1017,933,2024-01-03,5087,2754,973,6596.00,2025-06-01 07:11:35.078
1018,934,2024-01-04,39576,5626,19,5638.00,2025-06-01 07:11:35.078
1019,935,2024-01-05,64698,8776,911,4929.00,2025-06-01 07:11:35.078
1020,936,2024-01-06,92501,6670,620,3141.00,2025-06-01 07:11:35.078
1021,937,2024-01-07,40236,1411,294,1782.00,2025-06-01 07:11:35.078
1022,938,2024-01-08,38074,4664,971,6894.00,2025-06-01 07:11:35.078
1023,939,2024-01-09,82315,6103,914,8044.00,2025-06-01 07:11:35.078
1024,940,2024-01-10,93713,2071,241,7542.00,2025-06-01 07:11:35.078
1025,941,2024-01-11,88081,396,779,2915.00,2025-06-01 07:11:35.078
1026,942,2024-01-12,10698,2009,321,8929.00,2025-06-01 07:11:35.078
1027,943,2024-01-13,19535,3192,33,1750.00,2025-06-01 07:11:35.078
1028,944,2024-01-14,75194,5906,43,3808.00,2025-06-01 07:11:35.078
1029,945,2024-01-15,60651,6841,590,9127.00,2025-06-01 07:11:35.078
1030,946,2024-01-16,21768,4982,989,3165.00,2025-06-01 07:11:35.078
1031,947,2024-01-17,97218,5513,20,5561.00,2025-06-01 07:11:35.078
1032,948,2024-01-18,75181,3922,455,2532.00,2025-06-01 07:11:35.078
1033,949,2024-01-19,45887,3699,885,6806.00,2025-06-01 07:11:35.078
1034,950,2024-01-20,73030,8184,994,6155.00,2025-06-01 07:11:35.078
1035,951,2024-01-21,51445,6902,480,9138.00,2025-06-01 07:11:35.078
1036,952,2024-01-22,87122,6979,417,8669.00,2025-06-01 07:11:35.078
1037,953,2024-01-23,38327,3376,983,4076.00,2025-06-01 07:11:35.078
1038,954,2024-01-24,64335,6281,656,8719.00,2025-06-01 07:11:35.078
1039,955,2024-01-25,35987,5974,342,2368.00,2025-06-01 07:11:35.078
1040,956,2024-01-26,76507,7825,651,4950.00,2025-06-01 07:11:35.078
1041,957,2024-01-27,79687,4286,566,8970.00,2025-06-01 07:11:35.078
1042,958,2024-01-28,39373,6568,880,2409.00,2025-06-01 07:11:35.078
1043,959,2024-01-29,80871,4500,485,3533.00,2025-06-01 07:11:35.078
1044,960,2024-01-30,76914,4118,955,5396.00,2025-06-01 07:11:35.078
1045,961,2024-01-01,67463,6724,691,1061.00,2025-06-01 07:11:35.078
1046,962,2024-01-02,84097,9380,374,4605.00,2025-06-01 07:11:35.078
1047,963,2024-01-03,40280,5022,594,2077.00,2025-06-01 07:11:35.078
1048,964,2024-01-04,46058,5589,786,8276.00,2025-06-01 07:11:35.078
1049,965,2024-01-05,74607,7274,35,9026.00,2025-06-01 07:11:35.078
1050,966,2024-01-06,19534,6795,202,9631.00,2025-06-01 07:11:35.078
1051,967,2024-01-07,22829,2964,317,3221.00,2025-06-01 07:11:35.078
1052,968,2024-01-08,56196,4423,780,1804.00,2025-06-01 07:11:35.078
1053,969,2024-01-09,94896,6507,941,7330.00,2025-06-01 07:11:35.078
1054,970,2024-01-10,23005,9307,822,8723.00,2025-06-01 07:11:35.078
1055,971,2024-01-11,21839,9037,1000,5958.00,2025-06-01 07:11:35.078
1056,972,2024-01-12,36520,8764,845,2944.00,2025-06-01 07:11:35.078
1057,973,2024-01-13,22825,3533,381,1418.00,2025-06-01 07:11:35.078
1058,974,2024-01-14,84726,4002,672,8300.00,2025-06-01 07:11:35.078
1059,975,2024-01-15,43050,2911,107,7996.00,2025-06-01 07:11:35.078
1060,976,2024-01-16,90755,8884,680,8703.00,2025-06-01 07:11:35.078
1061,977,2024-01-17,37347,352,182,5306.00,2025-06-01 07:11:35.078
1062,978,2024-01-18,22306,7633,873,5849.00,2025-06-01 07:11:35.078
1063,979,2024-01-19,27545,6968,411,1528.00,2025-06-01 07:11:35.078
1064,980,2024-01-20,40593,6830,584,1742.00,2025-06-01 07:11:35.078
1065,981,2024-01-21,53119,9578,349,2407.00,2025-06-01 07:11:35.078
1066,982,2024-01-22,95538,9135,527,3650.00,2025-06-01 07:11:35.078
1067,983,2024-01-23,11510,2390,650,6572.00,2025-06-01 07:11:35.078
1068,984,2024-01-24,68465,1752,391,3120.00,2025-06-01 07:11:35.078
1069,985,2024-01-25,82949,1956,544,4444.00,2025-06-01 07:11:35.078
1070,986,2024-01-26,14406,7730,314,8814.00,2025-06-01 07:11:35.078
1071,987,2024-01-27,7410,7726,443,1135.00,2025-06-01 07:11:35.078
1072,988,2024-01-28,38506,7960,154,6621.00,2025-06-01 07:11:35.078
1073,989,2024-01-29,3356,9753,376,1443.00,2025-06-01 07:11:35.078
1074,990,2024-01-30,38014,1986,589,8554.00,2025-06-01 07:11:35.078
1075,991,2024-01-01,98514,7994,310,6050.00,2025-06-01 07:11:35.078
1076,992,2024-01-02,45074,6477,49,7505.00,2025-06-01 07:11:35.078
1077,993,2024-01-03,62949,5297,413,9316.00,2025-06-01 07:11:35.078
1078,994,2024-01-04,71049,4273,503,6577.00,2025-06-01 07:11:35.078
1079,995,2024-01-05,79354,2663,641,8208.00,2025-06-01 07:11:35.078
1080,996,2024-01-06,41034,6967,282,4257.00,2025-06-01 07:11:35.078
1081,997,2024-01-07,7237,4884,879,7719.00,2025-06-01 07:11:35.078
1082,998,2024-01-08,3596,9414,623,1251.00,2025-06-01 07:11:35.078
1083,999,2024-01-09,79541,2218,551,7062.00,2025-06-01 07:11:35.078
1084,1000,2024-01-10,72122,1239,301,3556.00,2025-06-01 07:11:35.078
1085,1,2024-01-11,97730,3224,905,5800.00,2025-06-01 07:11:35.078
